audit_version,audit_group,market_id,asset_symbol,question,treatment_verdict,treatment_action,review_priority,question_structure,required_probability_transform,requires_external_baseline,requires_path_aggregation,standalone_signal_role,current_family,recommended_family,economic_event_group,current_gemini_side,current_gemini_confidence,current_gemini_reason,recommended_polarity_treatment,recommended_probability_treatment,recommended_entry_treatment,recommended_exit_treatment,recommended_weighting,generalizable_edge,overfit_guard,polymarket_rule_summary,polymarket_end_date,polymarket_url,authority_source_url,api_source_url
polymarket-treatment-audit-2026-07-13,Macro,506931,SHY,Annual inflation above 2.2% in September?,Needs redesign,quarantine,High,macro data threshold,threshold_distribution_vs_consensus,True,True,quarantined_until_transform_available,macro,scheduled macro release,Annual inflation above 2.2% in September,NO bullish,0.9,Lower inflation supports bond prices.,Direction is conditional on the surprise versus consensus and the prevailing inflation/growth regime. The raw high/low outcome is not enough.,Reconstruct the release distribution from adjacent thresholds where available; compare the implied mean/tails with economist consensus and rates-market pricing.,"Use a pre-specified surprise score and probability revision before the official release, not a universal probability-level threshold.","For 8:30 ET releases, daily-data H1 ends at the prior trading close. Preserve revised release calendars point in time.",One release event across all thresholds and mapped assets; cluster CPI/payroll/claims windows and do not count threshold contracts separately.,"A 24/7 implied distribution can reveal belief revisions before scheduled macro releases, especially in tails that point forecasts hide.","Freeze the consensus source, release definition and regime rule before evaluation; report each release family separately.",This is a market about inflation over the 12 month period ending September 2024 before seasonal adjustment as reported by the Bureau of Labor Statistics. This market will resolve to “Yes” if the index increased by more than 2.2 percent over the 12 month period ending September 2024 and “No“ otherwise. The resolution source for this market will be the BLS September 2024 Consumer Price Index report...,2024-10-10T12:00:00Z,https://polymarket.com/event/annual-inflation-above-2pt2-in-september,https://www.bls.gov/bls/news-release/cpi.htm,https://gamma-api.polymarket.com/markets/506931
polymarket-treatment-audit-2026-07-13,Macro,0x03bfc56a309969c605bfacc5ee27105779b02b4054258c7aaab93677f400a199,FXB,Bank of England decreases interest rates by 50+ bps after November 2025 meeting?,Partly correct,quarantine,High,central-bank decision,outcome_distribution_vs_ois,True,True,quarantined_until_transform_available,macro,central-bank outcome distribution,Bank of England decreases interest rates by 50+ bps after November 2025 meeting,NO bullish,0.8,"Rate cuts weaken currency, so NO is bullish for GBP.","A 50+ bp cut is directionally bearish GBP, but the asset reaction depends on the surprise relative to OIS pricing and the information conveyed about the economy.",Use the complete bracket distribution and compare it with OIS/futures; a single tail bracket discards most information.,"Trigger on a distributional shift or cross-market disagreement, not simply P(50+ cut) crossing one level.",End immediately before the official statement timestamp; separate the decision from the press-conference information shock.,One MPC meeting event across all decision brackets and assets.,Decompose policy-path surprise from central-bank information surprise using external rate pricing and post-statement timestamps.,One central-bank rulebook across meetings; no decision-size-specific tuning from this sample.,The summary for the Bank of England's Monetary Policy Committee meeting for November is scheduled to be released on November 6. This market will resolve to the amount of basis points the upper bound of the Bank Rate is changed by versus the level it was prior to the Bank of England's November 2025 meeting. The primary resolution source for this market will be the official website of the Bank of England...,2025-11-06T00:00:00Z,https://polymarket.com/event/bank-of-england-decision-in-november/bank-of-england-decreases-interest-rates-by-50-bps-after-november-2025-meeting,https://www.bankofengland.co.uk/monetary-policy/upcoming-mpc-dates,https://gamma-api.polymarket.com/public-search?q=Bank+of+England+decreases+interest+rates+by+50%2B+bps+after+November+2025+meeting%3F
polymarket-treatment-audit-2026-07-13,Macro,0x8cdcfab96a715196868766aed23f54f75ebeec26a7b96402750b9403f8d015c5,TLT,"Fed Derivative: Jan ""25bps cut"" over 20% on December 10?",Exclude from primary,exclude,Critical,prediction-market derivative,excluded_circular_derivative,False,False,excluded,macro,market-microstructure derivative,"Fed Derivative: Jan ""25bps cut"" over 20% on December 10",YES bullish,0.9,Increased rate cut expectations boost long-duration bond prices.,"No independent event polarity. The contract resolves from another Polymarket price, not an economic outcome.","Do not use the derivative contract's own probability as an equity signal. If retained as a secondary diagnostic, use the underlying event market and label it non-independent.",No primary H1 entry. A secondary study may freeze the underlying market probability before the derivative scoring window.,Not a valid economic pre-event endpoint for primary H1.,Remove from the primary opportunity set and from CEM training; do not count it as another geopolitical or macro event.,"Use disagreement between the underlying event probability and external benchmarks as a research diagnostic, not the reflexive derivative itself.","A universal exclusion rule: reject markets whose resolution source is another market price, asset return, index value generated during the target interval, or a scoring window on those values.","This market will resolve to “Yes” if the “Yes” option for '25 bps decrease' in the ""Fed decision in January?"" market (https://polymarket.com/event/fed-decision-in-january?tid=1764799281194) is priced over the listed value between 2:00 PM ET and 5:59 PM ET on Wednesday, December 10, 2025. Otherwise, this market will resolve to “No”. A tie in the number of minutes will resolve to ""No"". The resolution source will be the...",2025-12-10T00:00:00Z,https://polymarket.com/event/fed-derivative-jan-25bps-cut-odds-on-december-10/fed-derivative-jan-25bps-cut-over-20-on-december-10-279,https://polymarket.com/event/fed-decision-in-january?tid=1764799281194,https://gamma-api.polymarket.com/public-search?q=Fed+Derivative%3A+Jan+%2225bps+cut%22+over+20%25+on+December+10%3F
polymarket-treatment-audit-2026-07-13,Macro,0x8cdcfab96a715196868766aed23f54f75ebeec26a7b96402750b9403f8d015c5,XLU,"Fed Derivative: Jan ""25bps cut"" over 20% on December 10?",Exclude from primary,exclude,Critical,prediction-market derivative,excluded_circular_derivative,False,False,excluded,macro,market-microstructure derivative,"Fed Derivative: Jan ""25bps cut"" over 20% on December 10",YES bullish,0.9,Lower interest rates reduce utility borrowing costs and increase dividend attractiveness.,"No independent event polarity. The contract resolves from another Polymarket price, not an economic outcome.","Do not use the derivative contract's own probability as an equity signal. If retained as a secondary diagnostic, use the underlying event market and label it non-independent.",No primary H1 entry. A secondary study may freeze the underlying market probability before the derivative scoring window.,Not a valid economic pre-event endpoint for primary H1.,Remove from the primary opportunity set and from CEM training; do not count it as another geopolitical or macro event.,"Use disagreement between the underlying event probability and external benchmarks as a research diagnostic, not the reflexive derivative itself.","A universal exclusion rule: reject markets whose resolution source is another market price, asset return, index value generated during the target interval, or a scoring window on those values.","This market will resolve to “Yes” if the “Yes” option for '25 bps decrease' in the ""Fed decision in January?"" market (https://polymarket.com/event/fed-decision-in-january?tid=1764799281194) is priced over the listed value between 2:00 PM ET and 5:59 PM ET on Wednesday, December 10, 2025. Otherwise, this market will resolve to “No”. A tie in the number of minutes will resolve to ""No"". The resolution source will be the...",2025-12-10T00:00:00Z,https://polymarket.com/event/fed-derivative-jan-25bps-cut-odds-on-december-10/fed-derivative-jan-25bps-cut-over-20-on-december-10-279,https://polymarket.com/event/fed-decision-in-january?tid=1764799281194,https://gamma-api.polymarket.com/public-search?q=Fed+Derivative%3A+Jan+%2225bps+cut%22+over+20%25+on+December+10%3F
polymarket-treatment-audit-2026-07-13,Macro,0xd8ccb898a005d42d76a97e0e16777495b8e14b2659966ef8ad2e5f065fca1705,HOOD,Robinhood Gold Subscribers above 4.2M in Q1?,Needs redesign,quarantine,High,company KPI threshold,threshold_distribution_vs_consensus,True,True,quarantined_until_transform_available,macro,earnings-adjacent company KPI,Robinhood Q1 Gold subscribers distribution,YES bullish,0.9,Higher premium subscriber count indicates revenue growth.,Do not make YES automatically bullish. It is bullish only when the threshold is meaningfully above the ex-ante consensus/guidance distribution; an already expected number can be neutral or sell-the-news.,"Combine all sibling thresholds into an implied CDF/expected metric and measure revisions versus consensus, guidance and prior-quarter seasonality.",Enter only when the probability-implied metric meaningfully differs from a timestamped external expectation and the discrepancy survives a pre-specified materiality rule.,Use the exact earnings-release timestamp. For after-close releases the same-day close may be eligible; for pre-open releases the prior close is the endpoint.,One company-quarter-metric event; threshold ladders and dual share classes are not independent observations.,"The edge is the implied metric distribution and its revision, not the binary answer. Threshold ladders such as Robinhood 4.2/4.4M or CrowdStrike 225/250M are especially valuable together.","Use one formula across companies: standardized implied surprise relative to a frozen consensus/guidance value, with no company-specific thresholds.","This market will resolve to “Yes” if Robinhood’s number of Gold Subscribers for the first fiscal quarter of 2026, as reported in its official company earnings materials, is above the listed amount. Otherwise, this market will resolve to “No”. The specified metric will be considered as reported in the company’s official earnings materials. Subsequent revisions will not be considered. If the specified company’s official...",2026-04-28T00:00:00Z,https://polymarket.com/event/robinhood-gold-subscribers-above-in-q1/robinhood-gold-subscribers-above-4pt2m-in-q1,,https://gamma-api.polymarket.com/public-search?q=Robinhood+Gold+Subscribers+above+4.2M+in+Q1%3F
polymarket-treatment-audit-2026-07-13,Macro,0x10b4dd630aaba825e0d10a139ab710b3cb161a725e1d21d72d8830cea8af48a7,HOOD,Robinhood Gold Subscribers above 4.4M in Q1?,Needs redesign,quarantine,High,company KPI threshold,threshold_distribution_vs_consensus,True,True,quarantined_until_transform_available,macro,earnings-adjacent company KPI,Robinhood Q1 Gold subscribers distribution,YES bullish,0.9,Higher premium subscriber count indicates revenue growth.,Do not make YES automatically bullish. It is bullish only when the threshold is meaningfully above the ex-ante consensus/guidance distribution; an already expected number can be neutral or sell-the-news.,"Combine all sibling thresholds into an implied CDF/expected metric and measure revisions versus consensus, guidance and prior-quarter seasonality.",Enter only when the probability-implied metric meaningfully differs from a timestamped external expectation and the discrepancy survives a pre-specified materiality rule.,Use the exact earnings-release timestamp. For after-close releases the same-day close may be eligible; for pre-open releases the prior close is the endpoint.,One company-quarter-metric event; threshold ladders and dual share classes are not independent observations.,"The edge is the implied metric distribution and its revision, not the binary answer. Threshold ladders such as Robinhood 4.2/4.4M or CrowdStrike 225/250M are especially valuable together.","Use one formula across companies: standardized implied surprise relative to a frozen consensus/guidance value, with no company-specific thresholds.","This market will resolve to “Yes” if Robinhood’s number of Gold Subscribers for the first fiscal quarter of 2026, as reported in its official company earnings materials, is above the listed amount. Otherwise, this market will resolve to “No”. The specified metric will be considered as reported in the company’s official earnings materials. Subsequent revisions will not be considered. If the specified company’s official...",2026-04-28T00:00:00Z,https://polymarket.com/event/robinhood-gold-subscribers-above-in-q1/robinhood-gold-subscribers-above-4pt4m-in-q1,,https://gamma-api.polymarket.com/public-search?q=Robinhood+Gold+Subscribers+above+4.4M+in+Q1%3F
polymarket-treatment-audit-2026-07-13,Macro,505366,SHY,Annual inflation above 2.5% in August?,Needs redesign,quarantine,High,macro data threshold,threshold_distribution_vs_consensus,True,True,quarantined_until_transform_available,macro,scheduled macro release,US CPI August 2024 release,NO bullish,0.9,Lower inflation supports bond prices.,Direction is conditional on the surprise versus consensus and the prevailing inflation/growth regime. The raw high/low outcome is not enough.,Reconstruct the release distribution from adjacent thresholds where available; compare the implied mean/tails with economist consensus and rates-market pricing.,"Use a pre-specified surprise score and probability revision before the official release, not a universal probability-level threshold.","For 8:30 ET releases, daily-data H1 ends at the prior trading close. Preserve revised release calendars point in time.",One release event across all thresholds and mapped assets; cluster CPI/payroll/claims windows and do not count threshold contracts separately.,"A 24/7 implied distribution can reveal belief revisions before scheduled macro releases, especially in tails that point forecasts hide.","Freeze the consensus source, release definition and regime rule before evaluation; report each release family separately.",This is a market about inflation over the 12 month period ending August 2024 before seasonal adjustment as reported by the Bureau of Labor Statistics. This market will resolve to “Yes” if the index increased by more than 2.5 percent over the 12 month period ending August 2024 and “No“ otherwise. The resolution source for this market will be the BLS August 2024 Consumer Price Index report...,2024-09-11T12:00:00Z,https://polymarket.com/event/annual-inflation-above-2pt5-in-august,https://www.bls.gov/bls/news-release/cpi.htm,https://gamma-api.polymarket.com/markets/505366
polymarket-treatment-audit-2026-07-13,Macro,505116,SHY,US inflation >0.1% from July to August 2024?,Needs redesign,quarantine,High,macro data threshold,threshold_distribution_vs_consensus,True,True,quarantined_until_transform_available,macro,scheduled macro release,US CPI August 2024 release,NO bullish,0.9,"Lower inflation reduces pressure for higher interest rates, benefiting bonds.",Direction is conditional on the surprise versus consensus and the prevailing inflation/growth regime. The raw high/low outcome is not enough.,Reconstruct the release distribution from adjacent thresholds where available; compare the implied mean/tails with economist consensus and rates-market pricing.,"Use a pre-specified surprise score and probability revision before the official release, not a universal probability-level threshold.","For 8:30 ET releases, daily-data H1 ends at the prior trading close. Preserve revised release calendars point in time.",One release event across all thresholds and mapped assets; cluster CPI/payroll/claims windows and do not count threshold contracts separately.,"A 24/7 implied distribution can reveal belief revisions before scheduled macro releases, especially in tails that point forecasts hide.","Freeze the consensus source, release definition and regime rule before evaluation; report each release family separately.","This is a market on a month-to-month inflation, as measured by the Bureau of Labor Statistics (CPI-U), from July to August 2024. Inflation is measured by a change in Consumer Price Index for All Urban Consumers (CPI-U) on a seasonally adjusted basis, reported by the U.S. Bureau of Labor Statistics. This market will resolve to “Yes” if the index increased by more than 0.1 percent (on a seasonally adjusted basis) from July...",2024-09-11T12:00:00Z,https://polymarket.com/event/us-inflation-0pt1-from-july-to-august-2024,https://www.bls.gov/bls/news-release/cpi.htm,https://gamma-api.polymarket.com/markets/505116
polymarket-treatment-audit-2026-07-13,Macro,504270,SHY,US inflation >0.1% from June to July 2024?,Needs redesign,quarantine,High,macro data threshold,threshold_distribution_vs_consensus,True,True,quarantined_until_transform_available,macro,scheduled macro release,US CPI July 2024 release,NO bullish,0.9,"Lower inflation reduces pressure for higher interest rates, benefiting bonds.",Direction is conditional on the surprise versus consensus and the prevailing inflation/growth regime. The raw high/low outcome is not enough.,Reconstruct the release distribution from adjacent thresholds where available; compare the implied mean/tails with economist consensus and rates-market pricing.,"Use a pre-specified surprise score and probability revision before the official release, not a universal probability-level threshold.","For 8:30 ET releases, daily-data H1 ends at the prior trading close. Preserve revised release calendars point in time.",One release event across all thresholds and mapped assets; cluster CPI/payroll/claims windows and do not count threshold contracts separately.,"A 24/7 implied distribution can reveal belief revisions before scheduled macro releases, especially in tails that point forecasts hide.","Freeze the consensus source, release definition and regime rule before evaluation; report each release family separately.","This is a market on a month-to-month inflation, as measured by the Bureau of Labor Statistics (CPI-U), from June to July 2024. Inflation is measured by a change in Consumer Price Index for All Urban Consumers (CPI-U) on a seasonally adjusted basis, reported by the U.S. Bureau of Labor Statistics. This market will resolve to “Yes” if the index increased by more than 0.1 percent (on a seasonally adjusted basis) from June to...",2024-08-14T12:00:00Z,https://polymarket.com/event/us-inflation-0pt1-from-june-to-july-2024,https://www.bls.gov/bls/news-release/cpi.htm,https://gamma-api.polymarket.com/markets/504270
polymarket-treatment-audit-2026-07-13,Macro,0xdc94cd7ba364829f78c56484761e22eccb57d982dbef5b9de852666187a80aa3,MPC,Will average US gas price be $3.14 or less on February 21?,Partly correct,quarantine,High,observable commodity-price threshold,threshold_distribution_vs_consensus,True,True,quarantined_until_transform_available,macro,observable commodity-price path,US retail gasoline February 2025 path,NO bullish,0.9,Lower gas prices are bearish for refiner revenue.,"Low retail gasoline is not uniformly bullish or bearish for refiners; margins, crude inputs, seasonality and demand matter. UGA has the cleanest direct sign.",Treat adjacent dates as a path/term structure and compare it with futures and seasonality; do not treat each date as an independent event.,Require a discrepancy between the implied retail-price path and an external market/seasonal benchmark.,End before the exact AAA observation/publication timestamp used by the rules.,"One gasoline-price trajectory, with asset-specific exposure applied after event identification.",Extract the market-implied slope of retail gasoline prices and compare it with wholesale gasoline/crude spreads.,A universal basis/seasonality model; no hand-tuned sign for individual refiners.,"This market will resolve according to the average US regular gas price according to AAA on February 21, 2025. This market will resolve based on the first two digits of the reported price (e.g., if the price is reported as $3.157, this market will resolve to the ""$3.15"" bracket). The resolution source for this market will be information from the American Automotive Association (AAA), presently found here:...",2025-02-21T12:00:00Z,https://polymarket.com/event/average-us-gas-prices-on-february-21/will-average-us-gas-price-be-3pt14-or-less-on-february-21,https://gasprices.aaa.com/,https://gamma-api.polymarket.com/public-search?q=Will+average+US+gas+price+be+%243.14+or+less+on+February+21%3F
polymarket-treatment-audit-2026-07-13,Macro,0xdc94cd7ba364829f78c56484761e22eccb57d982dbef5b9de852666187a80aa3,UGA,Will average US gas price be $3.14 or less on February 21?,Partly correct,quarantine,High,observable commodity-price threshold,threshold_distribution_vs_consensus,True,True,quarantined_until_transform_available,macro,observable commodity-price path,US retail gasoline February 2025 path,NO bullish,0.9,Lower gas prices are bearish for gasoline ETF.,"Low retail gasoline is not uniformly bullish or bearish for refiners; margins, crude inputs, seasonality and demand matter. UGA has the cleanest direct sign.",Treat adjacent dates as a path/term structure and compare it with futures and seasonality; do not treat each date as an independent event.,Require a discrepancy between the implied retail-price path and an external market/seasonal benchmark.,End before the exact AAA observation/publication timestamp used by the rules.,"One gasoline-price trajectory, with asset-specific exposure applied after event identification.",Extract the market-implied slope of retail gasoline prices and compare it with wholesale gasoline/crude spreads.,A universal basis/seasonality model; no hand-tuned sign for individual refiners.,"This market will resolve according to the average US regular gas price according to AAA on February 21, 2025. This market will resolve based on the first two digits of the reported price (e.g., if the price is reported as $3.157, this market will resolve to the ""$3.15"" bracket). The resolution source for this market will be information from the American Automotive Association (AAA), presently found here:...",2025-02-21T12:00:00Z,https://polymarket.com/event/average-us-gas-prices-on-february-21/will-average-us-gas-price-be-3pt14-or-less-on-february-21,https://gasprices.aaa.com/,https://gamma-api.polymarket.com/public-search?q=Will+average+US+gas+price+be+%243.14+or+less+on+February+21%3F
polymarket-treatment-audit-2026-07-13,Macro,0xdc94cd7ba364829f78c56484761e22eccb57d982dbef5b9de852666187a80aa3,VLO,Will average US gas price be $3.14 or less on February 21?,Partly correct,quarantine,High,observable commodity-price threshold,threshold_distribution_vs_consensus,True,True,quarantined_until_transform_available,macro,observable commodity-price path,US retail gasoline February 2025 path,NO bullish,0.9,Lower gas prices are bearish for refiner revenue.,"Low retail gasoline is not uniformly bullish or bearish for refiners; margins, crude inputs, seasonality and demand matter. UGA has the cleanest direct sign.",Treat adjacent dates as a path/term structure and compare it with futures and seasonality; do not treat each date as an independent event.,Require a discrepancy between the implied retail-price path and an external market/seasonal benchmark.,End before the exact AAA observation/publication timestamp used by the rules.,"One gasoline-price trajectory, with asset-specific exposure applied after event identification.",Extract the market-implied slope of retail gasoline prices and compare it with wholesale gasoline/crude spreads.,A universal basis/seasonality model; no hand-tuned sign for individual refiners.,"This market will resolve according to the average US regular gas price according to AAA on February 21, 2025. This market will resolve based on the first two digits of the reported price (e.g., if the price is reported as $3.157, this market will resolve to the ""$3.15"" bracket). The resolution source for this market will be information from the American Automotive Association (AAA), presently found here:...",2025-02-21T12:00:00Z,https://polymarket.com/event/average-us-gas-prices-on-february-21/will-average-us-gas-price-be-3pt14-or-less-on-february-21,https://gasprices.aaa.com/,https://gamma-api.polymarket.com/public-search?q=Will+average+US+gas+price+be+%243.14+or+less+on+February+21%3F
polymarket-treatment-audit-2026-07-13,Macro,0xe51245d2716359eda92c7138fbe92d6085e9bfae79260190772bdc09da4aefcf,UGA,Will the price of gas be 3.14 or less on February 28?,Partly correct,quarantine,High,observable commodity-price threshold,threshold_distribution_vs_consensus,True,True,quarantined_until_transform_available,macro,observable commodity-price path,US retail gasoline February 2025 path,NO bullish,0.9,"NO implies gas price is higher than $3.14, which is bullish for UGA.","Low retail gasoline is not uniformly bullish or bearish for refiners; margins, crude inputs, seasonality and demand matter. UGA has the cleanest direct sign.",Treat adjacent dates as a path/term structure and compare it with futures and seasonality; do not treat each date as an independent event.,Require a discrepancy between the implied retail-price path and an external market/seasonal benchmark.,End before the exact AAA observation/publication timestamp used by the rules.,"One gasoline-price trajectory, with asset-specific exposure applied after event identification.",Extract the market-implied slope of retail gasoline prices and compare it with wholesale gasoline/crude spreads.,A universal basis/seasonality model; no hand-tuned sign for individual refiners.,"This market will resolve according to the average US regular gas price according to AAA on February 28, 2025. This market will resolve based on the first two digits of the reported price (e.g., if the price is reported as $3.157, this market will resolve to the ""$3.15"" bracket). The resolution source for this market will be information from the American Automotive Association (AAA), presently found here:...",2025-02-28T12:00:00Z,https://polymarket.com/event/average-us-gas-prices-on-february-28/will-the-price-of-gas-be-3pt14-or-less-on-february-28,https://gasprices.aaa.com/,https://gamma-api.polymarket.com/public-search?q=Will+the+price+of+gas+be+3.14+or+less+on+February+28%3F
polymarket-treatment-audit-2026-07-13,Macro,0x30f13260d928abdd1e19f35ae4c8fed8a9f1000951f03b92da78af4a23acc64e,USO,Will OPEC crude oil production be above 18 million barrels per day in May?,Partly correct,quarantine,High,commodity supply statistic,consensus_surprise,True,False,quarantined_until_transform_available,macro,scheduled commodity supply release,Will OPEC crude oil production be above 18 million barrels per day in May,NO bullish,1.0,Lower OPEC production implies tighter oil supply.,"Higher realized OPEC production is bearish oil directionally, but only the surprise relative to expected supply is informative.",Use the implied production distribution and revision versus consensus/nowcasts; distinguish realized production from announced quotas.,Trigger on a pre-release distribution shift with a fixed minimum economic surprise.,"End before the OPEC report publication, not at the reference month's end.",One OPEC monthly production event.,"Prediction probabilities may aggregate outage, compliance and tanker-flow information before the monthly report.","Predefine report table, unit, member coverage and consensus source.","This market will resolve to “Yes” if OPEC crude oil production (barrels per day) for the month of May, 2026, as reported in the June 2026 OPEC Monthly Oil Market Report, is above the listed amount. Otherwise, this market will resolve to “No”. The June 2026 OPEC Monthly Oil Market Report is scheduled to be published on June 11, 2026 The relevant figure is the Total OPEC crude oil production for the month of May 2026, as...",2026-06-11T00:00:00Z,https://polymarket.com/event/opec-crude-oil-production-above-in-may/will-opec-crude-oil-production-be-above-18-million-barrels-per-day-in-may,https://www.opec.org/monthly-oil-market-report.html,https://gamma-api.polymarket.com/public-search?q=Will+OPEC+crude+oil+production+be+above+18+million+barrels+per+day+in+May%3F
polymarket-treatment-audit-2026-07-13,Macro,0x0cce393d158fabda31e8fd4a96f2270ea78397e6f2a5ce29bad4c407aad4b234,TLT,Will the US add more than 125k jobs in November?,Needs redesign,quarantine,High,macro data threshold,threshold_distribution_vs_consensus,True,True,quarantined_until_transform_available,macro,scheduled macro release,Will the US add more than 125k jobs in November,NO bullish,0.9,"Fewer jobs imply weaker economy and lower rates, bullish for long-duration bonds.",Direction is conditional on the surprise versus consensus and the prevailing inflation/growth regime. The raw high/low outcome is not enough.,Reconstruct the release distribution from adjacent thresholds where available; compare the implied mean/tails with economist consensus and rates-market pricing.,"Use a pre-specified surprise score and probability revision before the official release, not a universal probability-level threshold.","For 8:30 ET releases, daily-data H1 ends at the prior trading close. Preserve revised release calendars point in time.",One release event across all thresholds and mapped assets; cluster CPI/payroll/claims windows and do not count threshold contracts separately.,"A 24/7 implied distribution can reveal belief revisions before scheduled macro releases, especially in tails that point forecasts hide.","Freeze the consensus source, release definition and regime rule before evaluation; report each release family separately.","This market will resolve according to the nonfarm payroll employment reported by the BLS ""Employment Situation Summary"" for November 2025, scheduled to be released on December 16, 2025, 8:30 AM ET. If the reported value falls exactly between two brackets, then this market will resolve to the higher range bracket. If no data for November is released by the date the next month's data is scheduled to be released, this market...",2025-12-16T00:00:00Z,https://polymarket.com/event/how-many-jobs-added-in-november-693/will-the-us-add-more-than-125k-jobs-in-november,https://www.bls.gov/bls/newsrels.htm,https://gamma-api.polymarket.com/public-search?q=Will+the+US+add+more+than+125k+jobs+in+November%3F
polymarket-treatment-audit-2026-07-13,Macro,0x0cce393d158fabda31e8fd4a96f2270ea78397e6f2a5ce29bad4c407aad4b234,XLU,Will the US add more than 125k jobs in November?,Needs redesign,quarantine,High,macro data threshold,threshold_distribution_vs_consensus,True,True,quarantined_until_transform_available,macro,scheduled macro release,Will the US add more than 125k jobs in November,NO bullish,0.85,"Fewer jobs imply weaker economy and lower rates, bullish for rate-sensitive utilities.",Direction is conditional on the surprise versus consensus and the prevailing inflation/growth regime. The raw high/low outcome is not enough.,Reconstruct the release distribution from adjacent thresholds where available; compare the implied mean/tails with economist consensus and rates-market pricing.,"Use a pre-specified surprise score and probability revision before the official release, not a universal probability-level threshold.","For 8:30 ET releases, daily-data H1 ends at the prior trading close. Preserve revised release calendars point in time.",One release event across all thresholds and mapped assets; cluster CPI/payroll/claims windows and do not count threshold contracts separately.,"A 24/7 implied distribution can reveal belief revisions before scheduled macro releases, especially in tails that point forecasts hide.","Freeze the consensus source, release definition and regime rule before evaluation; report each release family separately.","This market will resolve according to the nonfarm payroll employment reported by the BLS ""Employment Situation Summary"" for November 2025, scheduled to be released on December 16, 2025, 8:30 AM ET. If the reported value falls exactly between two brackets, then this market will resolve to the higher range bracket. If no data for November is released by the date the next month's data is scheduled to be released, this market...",2025-12-16T00:00:00Z,https://polymarket.com/event/how-many-jobs-added-in-november-693/will-the-us-add-more-than-125k-jobs-in-november,https://www.bls.gov/bls/newsrels.htm,https://gamma-api.polymarket.com/public-search?q=Will+the+US+add+more+than+125k+jobs+in+November%3F
polymarket-treatment-audit-2026-07-13,Non-Iran Geo,508501,ZIM,East coast port strike ends by Friday?,Needs redesign,quarantine,Critical,labor-disruption deadline,deadline_hazard,False,True,quarantined_until_transform_available,geo,labor/logistics disruption hazard,ILA East/Gulf Coast port strike 2024,YES bullish,0.9,End of strike improves shipping operations.,"Normalize every contract to one latent state: probability the disruption is active. For ZIM, the sign is structurally ambiguous because freight-rate benefits and operational disruption work in opposite directions.",Combine strike-start and strike-end deadlines into a duration/hazard curve; invert 'ends by' markets so all probabilities share the same disruption direction.,Require a material shift in the latent disruption-duration estimate and an ex-ante exposure sign; otherwise mark NEITHER.,Exit at the last tradable close strictly before the earliest public outcome/announcement timestamp; never use a later nominal deadline after the event is known.,"One ILA strike event, not four independent questions.","The deadline ladder can estimate expected strike duration continuously, which is more informative than any one YES/NO contract.",Use the same start/end normalization and duration extraction for every labor or operational disruption.,"This market will resolve to ""Yes"" if the ongoing International Longshoremen's Association (ILA) strike ends by October 4, 2024, 11:59 PM ET. Otherwise, this market will resolve to ""No"". The primary resolution source for this market will be official information from the ILA , however a consensus of credible reporting will also be used.",2024-11-04T12:00:00Z,https://polymarket.com/event/longshoremen-east-coast-port-strike-ends-by-friday,,https://gamma-api.polymarket.com/markets/508501
polymarket-treatment-audit-2026-07-13,Non-Iran Geo,508507,ZIM,East coast port strike ends by next Friday?,Needs redesign,quarantine,Critical,labor-disruption deadline,deadline_hazard,False,True,quarantined_until_transform_available,geo,labor/logistics disruption hazard,ILA East/Gulf Coast port strike 2024,YES bullish,0.9,End of strike improves shipping operations.,"Normalize every contract to one latent state: probability the disruption is active. For ZIM, the sign is structurally ambiguous because freight-rate benefits and operational disruption work in opposite directions.",Combine strike-start and strike-end deadlines into a duration/hazard curve; invert 'ends by' markets so all probabilities share the same disruption direction.,Require a material shift in the latent disruption-duration estimate and an ex-ante exposure sign; otherwise mark NEITHER.,Exit at the last tradable close strictly before the earliest public outcome/announcement timestamp; never use a later nominal deadline after the event is known.,"One ILA strike event, not four independent questions.","The deadline ladder can estimate expected strike duration continuously, which is more informative than any one YES/NO contract.",Use the same start/end normalization and duration extraction for every labor or operational disruption.,"This market will resolve to ""Yes"" if the ongoing International Longshoremen's Association (ILA) strike ends by October 11, 2024, 11:59 PM ET. Otherwise, this market will resolve to ""No"". The primary resolution source for this market will be official information from the ILA , however a consensus of credible reporting will also be used.",2024-10-11T12:00:00Z,https://polymarket.com/event/longshoremen-east-coast-port-strike-ends-by-next-friday,,https://gamma-api.polymarket.com/markets/508507
polymarket-treatment-audit-2026-07-13,Non-Iran Geo,508508,ZIM,East coast port strike ends in October?,Needs redesign,quarantine,Critical,labor-disruption deadline,deadline_hazard,False,True,quarantined_until_transform_available,geo,labor/logistics disruption hazard,ILA East/Gulf Coast port strike 2024,YES bullish,0.9,Port strike ending is good for shipping operations.,"Normalize every contract to one latent state: probability the disruption is active. For ZIM, the sign is structurally ambiguous because freight-rate benefits and operational disruption work in opposite directions.",Combine strike-start and strike-end deadlines into a duration/hazard curve; invert 'ends by' markets so all probabilities share the same disruption direction.,Require a material shift in the latent disruption-duration estimate and an ex-ante exposure sign; otherwise mark NEITHER.,Exit at the last tradable close strictly before the earliest public outcome/announcement timestamp; never use a later nominal deadline after the event is known.,"One ILA strike event, not four independent questions.","The deadline ladder can estimate expected strike duration continuously, which is more informative than any one YES/NO contract.",Use the same start/end normalization and duration extraction for every labor or operational disruption.,"This market will resolve to ""Yes"" if the ongoing International Longshoremen's Association (ILA) strike ends by October 31, 2024, 11:59 PM ET. Otherwise, this market will resolve to ""No"". The primary resolution source for this market will be official information from the ILA , however a consensus of credible reporting will also be used.",2024-10-31T12:00:00Z,https://polymarket.com/event/longshoremen-east-coast-port-strike-ends-in-october,,https://gamma-api.polymarket.com/markets/508508
polymarket-treatment-audit-2026-07-13,Non-Iran Geo,507493,ZIM,Longshoremen east coast strike by Oct 1?,Needs redesign,quarantine,Critical,labor-disruption deadline,deadline_hazard,False,True,quarantined_until_transform_available,geo,labor/logistics disruption hazard,ILA East/Gulf Coast port strike 2024,NO bullish,0.9,No strike avoids shipping disruption and costs.,"Normalize every contract to one latent state: probability the disruption is active. For ZIM, the sign is structurally ambiguous because freight-rate benefits and operational disruption work in opposite directions.",Combine strike-start and strike-end deadlines into a duration/hazard curve; invert 'ends by' markets so all probabilities share the same disruption direction.,Require a material shift in the latent disruption-duration estimate and an ex-ante exposure sign; otherwise mark NEITHER.,Exit at the last tradable close strictly before the earliest public outcome/announcement timestamp; never use a later nominal deadline after the event is known.,"One ILA strike event, not four independent questions.","The deadline ladder can estimate expected strike duration continuously, which is more informative than any one YES/NO contract.",Use the same start/end normalization and duration extraction for every labor or operational disruption.,"This market will resolve to ""Yes"" if the International Longshoremen's Association (ILA) or its leadership declares or announces a strike affecting any US East Coast or Gulf Coast port by 11:59 PM ET on October 1, 2024. Otherwise, this market will resolve to ""No."" The resolution source will be official announcements from the ILA however a consensus of credible reporting will also be used.",2024-10-01T12:00:00Z,https://polymarket.com/event/longshoremens-east-coast-port-strike,,https://gamma-api.polymarket.com/markets/507493
polymarket-treatment-audit-2026-07-13,Non-Iran Geo,0x9b9e407d51ae6f81ffd71d40a972be8987f0d43601cb178253ad0ce4837ffb17,BNO,Israel x Hezbollah Ceasefire in September?,Mostly correct after controls,primary_controlled,High,substantive ceasefire deadline,probability_revision,False,False,primary_with_event_controls,geo,substantive geopolitical de-escalation,Israel x Hezbollah Ceasefire in September,NO bullish,0.9,Ceasefire reduces Middle East oil supply risk premium.,"A genuine mutually agreed ceasefire is a cleaner de-escalation signal than a meeting or plan. Commodity direction can be assigned from the fixed escalation channel, but magnitude remains regime-dependent.",Use signed probability change and time-to-deadline hazard; combine overlapping ceasefire deadlines into one latent de-escalation probability.,"Require that the full rules describe a substantive bilateral halt, not merely talks, intentions or a temporary unilateral pause.",Exit at the last tradable close strictly before the earliest public outcome/announcement timestamp; never use a later nominal deadline after the event is known.,One conflict-phase economic event across deadlines and mapped commodities.,"Cross-market confirmation among ceasefire, agreement and operational-risk markets can estimate a latent de-escalation factor.",Predefine substantive-event criteria and conflict-level clustering; do not promote process events after they happen to work.,"This market will resolve to ""Yes"" if the government of Israel and Hezbollah both officially announce an armistice, ceasefire and/or negotiated settlement between the two parties that will go into effect by September 30, 2024, 11:59 PM ET. To count toward the resolution of this market, an armistice, ceasefire, and/or negotiated settlement must be indicative of at least a temporary pause in the Israel-Hezbollah military...",2024-09-30T12:00:00Z,https://polymarket.com/event/israel-x-hezbollah-ceasefire-in-september/israel-x-hezbollah-ceasefire-in-september,,https://gamma-api.polymarket.com/public-search?q=Israel+x+Hezbollah+Ceasefire+in+September%3F
polymarket-treatment-audit-2026-07-13,Non-Iran Geo,0x9b9e407d51ae6f81ffd71d40a972be8987f0d43601cb178253ad0ce4837ffb17,CVX,Israel x Hezbollah Ceasefire in September?,Mostly correct after controls,primary_controlled,High,substantive ceasefire deadline,probability_revision,False,False,primary_with_event_controls,geo,substantive geopolitical de-escalation,Israel x Hezbollah Ceasefire in September,NO bullish,0.8,"Ceasefire reduces Middle East oil supply risk premium, lowering crude prices.","A genuine mutually agreed ceasefire is a cleaner de-escalation signal than a meeting or plan. Commodity direction can be assigned from the fixed escalation channel, but magnitude remains regime-dependent.",Use signed probability change and time-to-deadline hazard; combine overlapping ceasefire deadlines into one latent de-escalation probability.,"Require that the full rules describe a substantive bilateral halt, not merely talks, intentions or a temporary unilateral pause.",Exit at the last tradable close strictly before the earliest public outcome/announcement timestamp; never use a later nominal deadline after the event is known.,One conflict-phase economic event across deadlines and mapped commodities.,"Cross-market confirmation among ceasefire, agreement and operational-risk markets can estimate a latent de-escalation factor.",Predefine substantive-event criteria and conflict-level clustering; do not promote process events after they happen to work.,"This market will resolve to ""Yes"" if the government of Israel and Hezbollah both officially announce an armistice, ceasefire and/or negotiated settlement between the two parties that will go into effect by September 30, 2024, 11:59 PM ET. To count toward the resolution of this market, an armistice, ceasefire, and/or negotiated settlement must be indicative of at least a temporary pause in the Israel-Hezbollah military...",2024-09-30T12:00:00Z,https://polymarket.com/event/israel-x-hezbollah-ceasefire-in-september/israel-x-hezbollah-ceasefire-in-september,,https://gamma-api.polymarket.com/public-search?q=Israel+x+Hezbollah+Ceasefire+in+September%3F
polymarket-treatment-audit-2026-07-13,Non-Iran Geo,0x9b9e407d51ae6f81ffd71d40a972be8987f0d43601cb178253ad0ce4837ffb17,USO,Israel x Hezbollah Ceasefire in September?,Mostly correct after controls,primary_controlled,High,substantive ceasefire deadline,probability_revision,False,False,primary_with_event_controls,geo,substantive geopolitical de-escalation,Israel x Hezbollah Ceasefire in September,NO bullish,0.9,Ceasefire reduces Middle East oil supply risk premium.,"A genuine mutually agreed ceasefire is a cleaner de-escalation signal than a meeting or plan. Commodity direction can be assigned from the fixed escalation channel, but magnitude remains regime-dependent.",Use signed probability change and time-to-deadline hazard; combine overlapping ceasefire deadlines into one latent de-escalation probability.,"Require that the full rules describe a substantive bilateral halt, not merely talks, intentions or a temporary unilateral pause.",Exit at the last tradable close strictly before the earliest public outcome/announcement timestamp; never use a later nominal deadline after the event is known.,One conflict-phase economic event across deadlines and mapped commodities.,"Cross-market confirmation among ceasefire, agreement and operational-risk markets can estimate a latent de-escalation factor.",Predefine substantive-event criteria and conflict-level clustering; do not promote process events after they happen to work.,"This market will resolve to ""Yes"" if the government of Israel and Hezbollah both officially announce an armistice, ceasefire and/or negotiated settlement between the two parties that will go into effect by September 30, 2024, 11:59 PM ET. To count toward the resolution of this market, an armistice, ceasefire, and/or negotiated settlement must be indicative of at least a temporary pause in the Israel-Hezbollah military...",2024-09-30T12:00:00Z,https://polymarket.com/event/israel-x-hezbollah-ceasefire-in-september/israel-x-hezbollah-ceasefire-in-september,,https://gamma-api.polymarket.com/public-search?q=Israel+x+Hezbollah+Ceasefire+in+September%3F
polymarket-treatment-audit-2026-07-13,Non-Iran Geo,0x1696e33c41c62240ce904e7d5a312c9e64616a89c1751366c527c4f3f89af44c,CORN,Odds of Russia x Ukraine ceasefire on Friday over 30%?,Exclude from primary,exclude,Critical,prediction-market derivative,excluded_circular_derivative,False,False,excluded,geo,market-microstructure derivative,Odds of Russia x Ukraine ceasefire on Friday over 30%,NO bullish,0.95,Ceasefire eases Black Sea grain export disruptions.,"No independent event polarity. The contract resolves from another Polymarket price, not an economic outcome.","Do not use the derivative contract's own probability as an equity signal. If retained as a secondary diagnostic, use the underlying event market and label it non-independent.",No primary H1 entry. A secondary study may freeze the underlying market probability before the derivative scoring window.,Not a valid economic pre-event endpoint for primary H1.,Remove from the primary opportunity set and from CEM training; do not count it as another geopolitical or macro event.,"Use disagreement between the underlying event probability and external benchmarks as a research diagnostic, not the reflexive derivative itself.","A universal exclusion rule: reject markets whose resolution source is another market price, asset return, index value generated during the target interval, or a scoring window on those values.","This market will resolve to “Yes” if the “Yes” option for the market 'Russia x Ukraine ceasefire by March 31, 2026?' (https://polymarket.com/event/russia-x-ukraine-ceasefire-by-march-31-2026?) is priced over the listed value for a majority of minutes during the 4-hour period between 2:00 PM and 5:59 PM ET on December 12, 2025. Otherwise, this market will resolve to “No”. A tie in the number of minutes will resolve to ""No""....",2025-12-12T00:00:00Z,https://polymarket.com/event/odds-of-russia-x-ukraine-ceasefire-by-march-31-on-friday/odds-of-russia-x-ukraine-ceasefire-on-friday-over-30,https://polymarket.com/event/russia-x-ukraine-ceasefire-by-march-31-2026?,https://gamma-api.polymarket.com/public-search?q=Odds+of+Russia+x+Ukraine+ceasefire+on+Friday+over+30%25%3F
polymarket-treatment-audit-2026-07-13,Non-Iran Geo,0x1696e33c41c62240ce904e7d5a312c9e64616a89c1751366c527c4f3f89af44c,UNG,Odds of Russia x Ukraine ceasefire on Friday over 30%?,Exclude from primary,exclude,Critical,prediction-market derivative,excluded_circular_derivative,False,False,excluded,geo,market-microstructure derivative,Odds of Russia x Ukraine ceasefire on Friday over 30%,NO bullish,0.95,Ceasefire reduces geopolitical risk premium on natural gas.,"No independent event polarity. The contract resolves from another Polymarket price, not an economic outcome.","Do not use the derivative contract's own probability as an equity signal. If retained as a secondary diagnostic, use the underlying event market and label it non-independent.",No primary H1 entry. A secondary study may freeze the underlying market probability before the derivative scoring window.,Not a valid economic pre-event endpoint for primary H1.,Remove from the primary opportunity set and from CEM training; do not count it as another geopolitical or macro event.,"Use disagreement between the underlying event probability and external benchmarks as a research diagnostic, not the reflexive derivative itself.","A universal exclusion rule: reject markets whose resolution source is another market price, asset return, index value generated during the target interval, or a scoring window on those values.","This market will resolve to “Yes” if the “Yes” option for the market 'Russia x Ukraine ceasefire by March 31, 2026?' (https://polymarket.com/event/russia-x-ukraine-ceasefire-by-march-31-2026?) is priced over the listed value for a majority of minutes during the 4-hour period between 2:00 PM and 5:59 PM ET on December 12, 2025. Otherwise, this market will resolve to “No”. A tie in the number of minutes will resolve to ""No""....",2025-12-12T00:00:00Z,https://polymarket.com/event/odds-of-russia-x-ukraine-ceasefire-by-march-31-on-friday/odds-of-russia-x-ukraine-ceasefire-on-friday-over-30,https://polymarket.com/event/russia-x-ukraine-ceasefire-by-march-31-2026?,https://gamma-api.polymarket.com/public-search?q=Odds+of+Russia+x+Ukraine+ceasefire+on+Friday+over+30%25%3F
polymarket-treatment-audit-2026-07-13,Non-Iran Geo,0x1696e33c41c62240ce904e7d5a312c9e64616a89c1751366c527c4f3f89af44c,USO,Odds of Russia x Ukraine ceasefire on Friday over 30%?,Exclude from primary,exclude,Critical,prediction-market derivative,excluded_circular_derivative,False,False,excluded,geo,market-microstructure derivative,Odds of Russia x Ukraine ceasefire on Friday over 30%,NO bullish,0.95,Ceasefire reduces geopolitical risk premium on oil.,"No independent event polarity. The contract resolves from another Polymarket price, not an economic outcome.","Do not use the derivative contract's own probability as an equity signal. If retained as a secondary diagnostic, use the underlying event market and label it non-independent.",No primary H1 entry. A secondary study may freeze the underlying market probability before the derivative scoring window.,Not a valid economic pre-event endpoint for primary H1.,Remove from the primary opportunity set and from CEM training; do not count it as another geopolitical or macro event.,"Use disagreement between the underlying event probability and external benchmarks as a research diagnostic, not the reflexive derivative itself.","A universal exclusion rule: reject markets whose resolution source is another market price, asset return, index value generated during the target interval, or a scoring window on those values.","This market will resolve to “Yes” if the “Yes” option for the market 'Russia x Ukraine ceasefire by March 31, 2026?' (https://polymarket.com/event/russia-x-ukraine-ceasefire-by-march-31-2026?) is priced over the listed value for a majority of minutes during the 4-hour period between 2:00 PM and 5:59 PM ET on December 12, 2025. Otherwise, this market will resolve to “No”. A tie in the number of minutes will resolve to ""No""....",2025-12-12T00:00:00Z,https://polymarket.com/event/odds-of-russia-x-ukraine-ceasefire-by-march-31-on-friday/odds-of-russia-x-ukraine-ceasefire-on-friday-over-30,https://polymarket.com/event/russia-x-ukraine-ceasefire-by-march-31-2026?,https://gamma-api.polymarket.com/public-search?q=Odds+of+Russia+x+Ukraine+ceasefire+on+Friday+over+30%25%3F
polymarket-treatment-audit-2026-07-13,Non-Iran Geo,0x1696e33c41c62240ce904e7d5a312c9e64616a89c1751366c527c4f3f89af44c,WEAT,Odds of Russia x Ukraine ceasefire on Friday over 30%?,Exclude from primary,exclude,Critical,prediction-market derivative,excluded_circular_derivative,False,False,excluded,geo,market-microstructure derivative,Odds of Russia x Ukraine ceasefire on Friday over 30%,NO bullish,0.95,Ceasefire eases Black Sea grain export disruptions.,"No independent event polarity. The contract resolves from another Polymarket price, not an economic outcome.","Do not use the derivative contract's own probability as an equity signal. If retained as a secondary diagnostic, use the underlying event market and label it non-independent.",No primary H1 entry. A secondary study may freeze the underlying market probability before the derivative scoring window.,Not a valid economic pre-event endpoint for primary H1.,Remove from the primary opportunity set and from CEM training; do not count it as another geopolitical or macro event.,"Use disagreement between the underlying event probability and external benchmarks as a research diagnostic, not the reflexive derivative itself.","A universal exclusion rule: reject markets whose resolution source is another market price, asset return, index value generated during the target interval, or a scoring window on those values.","This market will resolve to “Yes” if the “Yes” option for the market 'Russia x Ukraine ceasefire by March 31, 2026?' (https://polymarket.com/event/russia-x-ukraine-ceasefire-by-march-31-2026?) is priced over the listed value for a majority of minutes during the 4-hour period between 2:00 PM and 5:59 PM ET on December 12, 2025. Otherwise, this market will resolve to “No”. A tie in the number of minutes will resolve to ""No""....",2025-12-12T00:00:00Z,https://polymarket.com/event/odds-of-russia-x-ukraine-ceasefire-by-march-31-on-friday/odds-of-russia-x-ukraine-ceasefire-on-friday-over-30,https://polymarket.com/event/russia-x-ukraine-ceasefire-by-march-31-2026?,https://gamma-api.polymarket.com/public-search?q=Odds+of+Russia+x+Ukraine+ceasefire+on+Friday+over+30%25%3F
polymarket-treatment-audit-2026-07-13,Non-Iran Geo,0x6ef8ef55a05e303a09b6fa1f2c00d18d4c98eb3d829b44db82a03be665ab901c,UNG,Russia x Ukraine Ceasefire by Friday?,Mostly correct after controls,primary_controlled,High,substantive ceasefire deadline,probability_revision,False,False,primary_with_event_controls,geo,substantive geopolitical de-escalation,Russia x Ukraine Ceasefire by Friday,NO bullish,0.9,Continued conflict maintains natural gas supply risk premium.,"A genuine mutually agreed ceasefire is a cleaner de-escalation signal than a meeting or plan. Commodity direction can be assigned from the fixed escalation channel, but magnitude remains regime-dependent.",Use signed probability change and time-to-deadline hazard; combine overlapping ceasefire deadlines into one latent de-escalation probability.,"Require that the full rules describe a substantive bilateral halt, not merely talks, intentions or a temporary unilateral pause.",Exit at the last tradable close strictly before the earliest public outcome/announcement timestamp; never use a later nominal deadline after the event is known.,One conflict-phase economic event across deadlines and mapped commodities.,"Cross-market confirmation among ceasefire, agreement and operational-risk markets can estimate a latent de-escalation factor.",Predefine substantive-event criteria and conflict-level clustering; do not promote process events after they happen to work.,"This market will resolve to ""Yes"" if there is an official ceasefire agreement, defined as a publicly announced and mutually agreed halt in military engagement, between Russia and Ukraine by March 21, 2025, 11:59 PM ET. If the agreement is officially reached before the resolution date, this market will resolve to ""Yes,"" regardless of whether the ceasefire officially starts afterward. Any form of informal agreement will not...",2025-03-21T12:00:00Z,https://polymarket.com/event/russia-x-ukraine-ceasefire-by-next-friday-mar-21/russia-x-ukraine-ceasefire-by-next-friday-mar-21,,https://gamma-api.polymarket.com/public-search?q=Russia+x+Ukraine+Ceasefire+by+Friday%3F+
polymarket-treatment-audit-2026-07-13,Non-Iran Geo,0x6ef8ef55a05e303a09b6fa1f2c00d18d4c98eb3d829b44db82a03be665ab901c,USO,Russia x Ukraine Ceasefire by Friday?,Mostly correct after controls,primary_controlled,High,substantive ceasefire deadline,probability_revision,False,False,primary_with_event_controls,geo,substantive geopolitical de-escalation,Russia x Ukraine Ceasefire by Friday,NO bullish,0.95,Continued conflict maintains oil supply risk premium.,"A genuine mutually agreed ceasefire is a cleaner de-escalation signal than a meeting or plan. Commodity direction can be assigned from the fixed escalation channel, but magnitude remains regime-dependent.",Use signed probability change and time-to-deadline hazard; combine overlapping ceasefire deadlines into one latent de-escalation probability.,"Require that the full rules describe a substantive bilateral halt, not merely talks, intentions or a temporary unilateral pause.",Exit at the last tradable close strictly before the earliest public outcome/announcement timestamp; never use a later nominal deadline after the event is known.,One conflict-phase economic event across deadlines and mapped commodities.,"Cross-market confirmation among ceasefire, agreement and operational-risk markets can estimate a latent de-escalation factor.",Predefine substantive-event criteria and conflict-level clustering; do not promote process events after they happen to work.,"This market will resolve to ""Yes"" if there is an official ceasefire agreement, defined as a publicly announced and mutually agreed halt in military engagement, between Russia and Ukraine by March 21, 2025, 11:59 PM ET. If the agreement is officially reached before the resolution date, this market will resolve to ""Yes,"" regardless of whether the ceasefire officially starts afterward. Any form of informal agreement will not...",2025-03-21T12:00:00Z,https://polymarket.com/event/russia-x-ukraine-ceasefire-by-next-friday-mar-21/russia-x-ukraine-ceasefire-by-next-friday-mar-21,,https://gamma-api.polymarket.com/public-search?q=Russia+x+Ukraine+Ceasefire+by+Friday%3F+
polymarket-treatment-audit-2026-07-13,Non-Iran Geo,0x6ef8ef55a05e303a09b6fa1f2c00d18d4c98eb3d829b44db82a03be665ab901c,WEAT,Russia x Ukraine Ceasefire by Friday?,Mostly correct after controls,primary_controlled,High,substantive ceasefire deadline,probability_revision,False,False,primary_with_event_controls,geo,substantive geopolitical de-escalation,Russia x Ukraine Ceasefire by Friday,NO bullish,0.95,Continued conflict maintains wheat supply disruptions.,"A genuine mutually agreed ceasefire is a cleaner de-escalation signal than a meeting or plan. Commodity direction can be assigned from the fixed escalation channel, but magnitude remains regime-dependent.",Use signed probability change and time-to-deadline hazard; combine overlapping ceasefire deadlines into one latent de-escalation probability.,"Require that the full rules describe a substantive bilateral halt, not merely talks, intentions or a temporary unilateral pause.",Exit at the last tradable close strictly before the earliest public outcome/announcement timestamp; never use a later nominal deadline after the event is known.,One conflict-phase economic event across deadlines and mapped commodities.,"Cross-market confirmation among ceasefire, agreement and operational-risk markets can estimate a latent de-escalation factor.",Predefine substantive-event criteria and conflict-level clustering; do not promote process events after they happen to work.,"This market will resolve to ""Yes"" if there is an official ceasefire agreement, defined as a publicly announced and mutually agreed halt in military engagement, between Russia and Ukraine by March 21, 2025, 11:59 PM ET. If the agreement is officially reached before the resolution date, this market will resolve to ""Yes,"" regardless of whether the ceasefire officially starts afterward. Any form of informal agreement will not...",2025-03-21T12:00:00Z,https://polymarket.com/event/russia-x-ukraine-ceasefire-by-next-friday-mar-21/russia-x-ukraine-ceasefire-by-next-friday-mar-21,,https://gamma-api.polymarket.com/public-search?q=Russia+x+Ukraine+Ceasefire+by+Friday%3F+
polymarket-treatment-audit-2026-07-13,Other,0xb9e7c0780fa4e608021538ecadf5ea041407d4b6150d0563b994a3f058cf56d7,ABNB,Airbnb Nights and Seats Booked above 150 million in Q1?,Needs redesign,quarantine,High,company KPI threshold,threshold_distribution_vs_consensus,True,True,quarantined_until_transform_available,other,earnings-adjacent company KPI,Airbnb Nights and Seats Booked above 150 million in Q1,YES bullish,0.95,Higher bookings indicate strong platform activity and revenue for Airbnb.,Do not make YES automatically bullish. It is bullish only when the threshold is meaningfully above the ex-ante consensus/guidance distribution; an already expected number can be neutral or sell-the-news.,"Combine all sibling thresholds into an implied CDF/expected metric and measure revisions versus consensus, guidance and prior-quarter seasonality.",Enter only when the probability-implied metric meaningfully differs from a timestamped external expectation and the discrepancy survives a pre-specified materiality rule.,Use the exact earnings-release timestamp. For after-close releases the same-day close may be eligible; for pre-open releases the prior close is the endpoint.,One company-quarter-metric event; threshold ladders and dual share classes are not independent observations.,"The edge is the implied metric distribution and its revision, not the binary answer. Threshold ladders such as Robinhood 4.2/4.4M or CrowdStrike 225/250M are especially valuable together.","Use one formula across companies: standardized implied surprise relative to a frozen consensus/guidance value, with no company-specific thresholds.","This market will resolve to ""Yes"" if Airbnb's total nights and seats booked for the first fiscal quarter of 2026, as reported in its official company earnings materials, is above the listed amount. Otherwise, this market will resolve to ""No"". The specified metric will be considered as reported in the company's official earnings materials. Subsequent revisions will not be considered. If Airbnb's official earnings materials...",2026-05-07T00:00:00Z,https://polymarket.com/event/airbnb-nights-and-seats-booked-above-in-q1/airbnb-nights-and-seats-booked-above-150-million-in-q1,,https://gamma-api.polymarket.com/public-search?q=Airbnb+Nights+and+Seats+Booked+above+150+million+in+Q1%3F
polymarket-treatment-audit-2026-07-13,Other,0x07f2afc917576da649bf8992d49a1b57b0fb201289f5b9ef2bfee634ef90491d,AAPL,Will Apple launch a MacBook on February 19?,Needs redesign,quarantine,Critical,product announcement bundle,probability_weighted_product_bundle,True,True,quarantined_until_transform_available,other,scheduled product-announcement bundle,Apple February 19 product event,YES bullish,0.95,New product launches can boost sales and revenue.,"Announcement YES is not automatically bullish; expected products can be priced in, while unexpected mix, price or timing drives the surprise.","Use the vector of sibling product probabilities to infer the expected launch bundle and its revisions, not independent binary trades.",Trigger only on a material change in expected product mix versus a frozen external consensus; avoid single-product YES/NO polarity.,End before the scheduled event starts. Same-day closing prices after an intraday launch are post-event and invalid for H1.,One Apple launch event across all products.,"Measure novelty: probability-weighted product bundle, expected number of launches and disagreement across sibling markets.",One bundle-construction method for every multi-product event; no product-specific return rules.,"Apple has scheduled a launch event for February 19: https://x.com/tim_cook/status/1890068457825394918 This market will resolve to ""Yes"" if Apple announces a new MacBook product during this event. Otherwise, this market will resolve to ""No"". If multiple products are released, each relevant market may resolve to ""Yes"". This market may not resolve to ""No"" until the February 19 launch event is concluded. If this event does not...",2025-02-19T12:00:00Z,https://polymarket.com/event/what-product-will-apple-launch-on-february-19/will-apple-launch-a-macbook-on-february-19,https://x.com/tim_cook/status/1890068457825394918,https://gamma-api.polymarket.com/public-search?q=Will+Apple+launch+a+MacBook+on+February+19%3F
polymarket-treatment-audit-2026-07-13,Other,0x4408af6aaac9536da338809fcb1f13f959a0982164afb0c156cd0f3c2217c15a,AAPL,Will Apple launch an iPhone SE on February 19?,Needs redesign,quarantine,Critical,product announcement bundle,probability_weighted_product_bundle,True,True,quarantined_until_transform_available,other,scheduled product-announcement bundle,Apple February 19 product event,YES bullish,0.95,New product launches can boost sales and revenue.,"Announcement YES is not automatically bullish; expected products can be priced in, while unexpected mix, price or timing drives the surprise.","Use the vector of sibling product probabilities to infer the expected launch bundle and its revisions, not independent binary trades.",Trigger only on a material change in expected product mix versus a frozen external consensus; avoid single-product YES/NO polarity.,End before the scheduled event starts. Same-day closing prices after an intraday launch are post-event and invalid for H1.,One Apple launch event across all products.,"Measure novelty: probability-weighted product bundle, expected number of launches and disagreement across sibling markets.",One bundle-construction method for every multi-product event; no product-specific return rules.,"Apple has scheduled a launch event for February 19: https://x.com/tim_cook/status/1890068457825394918 This market will resolve to ""Yes"" if Apple announces a new iPhone SE product during this event. Otherwise, this market will resolve to ""No"". If multiple products are released, each relevant market may resolve to ""Yes"". This market may not resolve to ""No"" until the February 19 launch event is concluded. If this event does...",2025-02-19T12:00:00Z,https://polymarket.com/event/what-product-will-apple-launch-on-february-19/will-apple-launch-an-iphone-se-on-february-19,https://x.com/tim_cook/status/1890068457825394918,https://gamma-api.polymarket.com/public-search?q=Will+Apple+launch+an+iPhone+SE+on+February+19%3F
polymarket-treatment-audit-2026-07-13,Other,0xb47f3f992d20ec5fda355c35b89fc1c5907eb91640fcf79c7b5643fafb76426e,AAPL,Will Apple launch another iPhone on February 19?,Needs redesign,quarantine,Critical,product announcement bundle,probability_weighted_product_bundle,True,True,quarantined_until_transform_available,other,scheduled product-announcement bundle,Apple February 19 product event,YES bullish,0.95,New product launches can boost sales and revenue.,"Announcement YES is not automatically bullish; expected products can be priced in, while unexpected mix, price or timing drives the surprise.","Use the vector of sibling product probabilities to infer the expected launch bundle and its revisions, not independent binary trades.",Trigger only on a material change in expected product mix versus a frozen external consensus; avoid single-product YES/NO polarity.,End before the scheduled event starts. Same-day closing prices after an intraday launch are post-event and invalid for H1.,One Apple launch event across all products.,"Measure novelty: probability-weighted product bundle, expected number of launches and disagreement across sibling markets.",One bundle-construction method for every multi-product event; no product-specific return rules.,"Apple has scheduled a launch event for February 19: https://x.com/tim_cook/status/1890068457825394918 This market will resolve to ""Yes"" if Apple announces any new iPhone product other than an iPhone SE during this event. Otherwise, this market will resolve to ""No"". If multiple products are released, each relevant market may resolve to ""Yes"". This market may not resolve to ""No"" until the February 19 launch event is...",2025-02-19T12:00:00Z,https://polymarket.com/event/what-product-will-apple-launch-on-february-19/will-apple-launch-another-iphone-on-february-19,https://x.com/tim_cook/status/1890068457825394918,https://gamma-api.polymarket.com/public-search?q=Will+Apple+launch+another+iPhone+on+February+19%3F
polymarket-treatment-audit-2026-07-13,Other,0xea587ff4c34069959a6d3b681d41ff72845a2e575ef0ff6015e146c22d786e8f,AAPL,Will Apple launch an AirPods on September 9?,Needs redesign,quarantine,Critical,product announcement bundle,probability_weighted_product_bundle,True,True,quarantined_until_transform_available,other,scheduled product-announcement bundle,Apple September 9 product event,YES bullish,0.9,New product launch boosts sales.,"Announcement YES is not automatically bullish; expected products can be priced in, while unexpected mix, price or timing drives the surprise.","Use the vector of sibling product probabilities to infer the expected launch bundle and its revisions, not independent binary trades.",Trigger only on a material change in expected product mix versus a frozen external consensus; avoid single-product YES/NO polarity.,End before the scheduled event starts. Same-day closing prices after an intraday launch are post-event and invalid for H1.,One Apple launch event across all products.,"Measure novelty: probability-weighted product bundle, expected number of launches and disagreement across sibling markets.",One bundle-construction method for every multi-product event; no product-specific return rules.,"Apple has scheduled a launch event for September 9, 2025, at 1 PM ET. (https://www.cnbc.com/2025/08/26/apple-announces-iphone-launch-on-sept-9-.html) This market will resolve to ""Yes"" if Apple announces a new AirPods product during this event. Otherwise, this market will resolve to ""No"". If multiple products are released, each relevant market may resolve to ""Yes"". This market may not resolve to ""No"" until the September 9...",2025-09-09T00:00:00Z,https://polymarket.com/event/what-product-will-apple-launch-on-september-9/will-apple-launch-an-airpods-on-september-9-134-714-829,https://www.cnbc.com/2025/08/26/apple-announces-iphone-launch-on-sept-9-.html,https://gamma-api.polymarket.com/public-search?q=Will+Apple+launch+an+AirPods+on+September+9%3F
polymarket-treatment-audit-2026-07-13,Other,0xf2f103d9021c9e5ed74209bdced5f8e2115d80c51ee0de83e1a533b22ce21a9c,AAPL,Will Apple launch an Apple Watch on September 9?,Needs redesign,quarantine,Critical,product announcement bundle,probability_weighted_product_bundle,True,True,quarantined_until_transform_available,other,scheduled product-announcement bundle,Apple September 9 product event,YES bullish,0.9,New product launch drives sales and innovation.,"Announcement YES is not automatically bullish; expected products can be priced in, while unexpected mix, price or timing drives the surprise.","Use the vector of sibling product probabilities to infer the expected launch bundle and its revisions, not independent binary trades.",Trigger only on a material change in expected product mix versus a frozen external consensus; avoid single-product YES/NO polarity.,End before the scheduled event starts. Same-day closing prices after an intraday launch are post-event and invalid for H1.,One Apple launch event across all products.,"Measure novelty: probability-weighted product bundle, expected number of launches and disagreement across sibling markets.",One bundle-construction method for every multi-product event; no product-specific return rules.,"Apple has scheduled a launch event for September 9, 2025, at 1 PM ET. (https://www.cnbc.com/2025/08/26/apple-announces-iphone-launch-on-sept-9-.html) This market will resolve to ""Yes"" if Apple announces a new Apple Watch product during this event. Otherwise, this market will resolve to ""No"". If multiple products are released, each relevant market may resolve to ""Yes"". This market may not resolve to ""No"" until the September...",2025-09-09T00:00:00Z,https://polymarket.com/event/what-product-will-apple-launch-on-september-9/will-apple-launch-an-apple-watch-on-september-9,https://www.cnbc.com/2025/08/26/apple-announces-iphone-launch-on-sept-9-.html,https://gamma-api.polymarket.com/public-search?q=Will+Apple+launch+an+Apple+Watch+on+September+9%3F
polymarket-treatment-audit-2026-07-13,Other,0xac97fd77c8f1bd142b8a56cb6a03818a85eb8b648299ab4b61b1d6a222df0d97,AAPL,Will Apple launch an iPhone Air on September 9?,Needs redesign,quarantine,Critical,product announcement bundle,probability_weighted_product_bundle,True,True,quarantined_until_transform_available,other,scheduled product-announcement bundle,Apple September 9 product event,YES bullish,0.95,New product launch drives sales and innovation.,"Announcement YES is not automatically bullish; expected products can be priced in, while unexpected mix, price or timing drives the surprise.","Use the vector of sibling product probabilities to infer the expected launch bundle and its revisions, not independent binary trades.",Trigger only on a material change in expected product mix versus a frozen external consensus; avoid single-product YES/NO polarity.,End before the scheduled event starts. Same-day closing prices after an intraday launch are post-event and invalid for H1.,One Apple launch event across all products.,"Measure novelty: probability-weighted product bundle, expected number of launches and disagreement across sibling markets.",One bundle-construction method for every multi-product event; no product-specific return rules.,"Apple has scheduled a launch event for September 9, 2025, at 1 PM ET. (https://www.cnbc.com/2025/08/26/apple-announces-iphone-launch-on-sept-9-.html) This market will resolve to ""Yes"" if Apple announces an iPhone Air product during this event. Otherwise, this market will resolve to ""No"". If multiple products are released, each relevant market may resolve to ""Yes"". This market may not resolve to ""No"" until the September 9...",2025-09-09T00:00:00Z,https://polymarket.com/event/what-product-will-apple-launch-on-september-9/will-apple-launch-an-iphone-air-on-september-9,https://www.cnbc.com/2025/08/26/apple-announces-iphone-launch-on-sept-9-.html,https://gamma-api.polymarket.com/public-search?q=Will+Apple+launch+an+iPhone+Air+on+September+9%3F
polymarket-treatment-audit-2026-07-13,Other,0x553f367e5b8fb86ebdc0ca3386c30a4ed7cdfae6adbcbdb33dd05e74afaaff6a,AAPL,Will Apple launch another iPhone on September 9?,Needs redesign,quarantine,Critical,product announcement bundle,probability_weighted_product_bundle,True,True,quarantined_until_transform_available,other,scheduled product-announcement bundle,Apple September 9 product event,YES bullish,0.9,New product launch drives sales and innovation.,"Announcement YES is not automatically bullish; expected products can be priced in, while unexpected mix, price or timing drives the surprise.","Use the vector of sibling product probabilities to infer the expected launch bundle and its revisions, not independent binary trades.",Trigger only on a material change in expected product mix versus a frozen external consensus; avoid single-product YES/NO polarity.,End before the scheduled event starts. Same-day closing prices after an intraday launch are post-event and invalid for H1.,One Apple launch event across all products.,"Measure novelty: probability-weighted product bundle, expected number of launches and disagreement across sibling markets.",One bundle-construction method for every multi-product event; no product-specific return rules.,"Apple has scheduled a launch event for September 9, 2025, at 1 PM ET. (https://www.cnbc.com/2025/08/26/apple-announces-iphone-launch-on-sept-9-.html) This market will resolve to ""Yes"" if Apple announces any new iPhone product other than an iPhone SE or iPhone Air during this event. Otherwise, this market will resolve to ""No"". If multiple products are released, each relevant market may resolve to ""Yes"". This market may not...",2025-09-09T00:00:00Z,https://polymarket.com/event/what-product-will-apple-launch-on-september-9/will-apple-launch-an-other-iphone-on-september-9,https://www.cnbc.com/2025/08/26/apple-announces-iphone-launch-on-sept-9-.html,https://gamma-api.polymarket.com/public-search?q=Will+Apple+launch+another+iPhone+on+September+9%3F
polymarket-treatment-audit-2026-07-13,Other,2271190,CRWD,Will CrowdStrike Q1 net new ARR be above $225M?,Needs redesign,quarantine,High,company KPI threshold,threshold_distribution_vs_consensus,True,True,quarantined_until_transform_available,other,earnings-adjacent company KPI,CrowdStrike Q1 net-new ARR distribution,YES bullish,0.95,Higher ARR indicates strong company growth.,Do not make YES automatically bullish. It is bullish only when the threshold is meaningfully above the ex-ante consensus/guidance distribution; an already expected number can be neutral or sell-the-news.,"Combine all sibling thresholds into an implied CDF/expected metric and measure revisions versus consensus, guidance and prior-quarter seasonality.",Enter only when the probability-implied metric meaningfully differs from a timestamped external expectation and the discrepancy survives a pre-specified materiality rule.,Use the exact earnings-release timestamp. For after-close releases the same-day close may be eligible; for pre-open releases the prior close is the endpoint.,One company-quarter-metric event; threshold ladders and dual share classes are not independent observations.,"The edge is the implied metric distribution and its revision, not the binary answer. Threshold ladders such as Robinhood 4.2/4.4M or CrowdStrike 225/250M are especially valuable together.","Use one formula across companies: standardized implied surprise relative to a frozen consensus/guidance value, with no company-specific thresholds.","This market will resolve to ""Yes"" if CrowdStrike's net new ARR for the first fiscal quarter of 2027, as reported in its official company earnings materials, is above the listed amount. Otherwise, this market will resolve to ""No"". The specified metric will be considered as reported in the company's official earnings materials. Subsequent revisions will not be considered. If the specified company's official earnings...",2026-06-03T16:00:00Z,https://polymarket.com/event/will-crowdstrike-q1-net-new-arr-be-above-225m,,https://gamma-api.polymarket.com/markets/2271190
polymarket-treatment-audit-2026-07-13,Other,2271191,CRWD,Will CrowdStrike Q1 net new ARR be above $250M?,Needs redesign,quarantine,High,company KPI threshold,threshold_distribution_vs_consensus,True,True,quarantined_until_transform_available,other,earnings-adjacent company KPI,CrowdStrike Q1 net-new ARR distribution,YES bullish,0.95,Higher ARR indicates strong company growth.,Do not make YES automatically bullish. It is bullish only when the threshold is meaningfully above the ex-ante consensus/guidance distribution; an already expected number can be neutral or sell-the-news.,"Combine all sibling thresholds into an implied CDF/expected metric and measure revisions versus consensus, guidance and prior-quarter seasonality.",Enter only when the probability-implied metric meaningfully differs from a timestamped external expectation and the discrepancy survives a pre-specified materiality rule.,Use the exact earnings-release timestamp. For after-close releases the same-day close may be eligible; for pre-open releases the prior close is the endpoint.,One company-quarter-metric event; threshold ladders and dual share classes are not independent observations.,"The edge is the implied metric distribution and its revision, not the binary answer. Threshold ladders such as Robinhood 4.2/4.4M or CrowdStrike 225/250M are especially valuable together.","Use one formula across companies: standardized implied surprise relative to a frozen consensus/guidance value, with no company-specific thresholds.","This market will resolve to ""Yes"" if CrowdStrike's net new ARR for the first fiscal quarter of 2027, as reported in its official company earnings materials, is above the listed amount. Otherwise, this market will resolve to ""No"". The specified metric will be considered as reported in the company's official earnings materials. Subsequent revisions will not be considered. If the specified company's official earnings...",2026-06-03T16:00:00Z,https://polymarket.com/event/will-crowdstrike-q1-net-new-arr-be-above-250m,,https://gamma-api.polymarket.com/markets/2271191
polymarket-treatment-audit-2026-07-13,Other,2036695,AXSM,FDA approves Axsome Therapeutics' AXS-05?,Mostly correct,primary,Medium,scheduled regulatory decision,probability_revision,False,False,primary,other,scheduled regulatory catalyst,FDA application: Axsome Therapeutics' AXS-05,YES bullish,1.0,automatic FDA-approval rule: YES approval is bullish for the company,"YES approval is bullish in direction, but expected magnitude must be scaled by sponsor exposure, market capitalization, application type and indication materiality.","Use signed probability revisions and time-to-decision hazard, not level alone. Retain the full rules because titles often omit indication, NDA/BLA/supplement type and qualifying outcomes.","Require a versioned application identity and official expected action date; reject if the application, indication or sponsor exposure is ambiguous.",Exit at the last tradable close strictly before the earliest public outcome/announcement timestamp; never use a later nominal deadline after the event is known.,"One application–sponsor economic event. Collapse duplicated rows and sibling markets; in research use one equal event weight, while a strategy may scale exposure ex ante.","Combine probability revision with a general sponsor-exposure score: single-product concentration, estimated indication value relative to market cap, application type and decision-date certainty.",Pre-specify exposure variables and action-date provenance. Never create drug-specific cutoffs after seeing returns.,"As of market creation, the FDA's expected decision date for the specified application is April 30, 2026. This market will resolve to ""Yes"" if the U.S. Food and Drug Administration (FDA) grants full or conditional approval for Axsome Therapeutics's AXS-05 as a treatment for Alzheimer’s disease agitation by May 14, 2026, 11:59 PM ET. Otherwise, this market will resolve to ""No."" An approval is defined as: For new drugs: FDA...",2026-04-30T00:00:00Z,https://polymarket.com/event/fda-approves-axsome-therapeutics-axs-05,,https://gamma-api.polymarket.com/markets/2036695
polymarket-treatment-audit-2026-07-13,Other,2115679,AZN,FDA approves Daiichi Sankyo & AstraZeneca's Enhertu?,Mostly correct,primary,Medium,scheduled regulatory decision,probability_revision,False,False,primary,other,scheduled regulatory catalyst,FDA application: Daiichi Sankyo & AstraZeneca's Enhertu,YES bullish,1.0,automatic FDA-approval rule: YES approval is bullish for the company,"YES approval is bullish in direction, but expected magnitude must be scaled by sponsor exposure, market capitalization, application type and indication materiality.","Use signed probability revisions and time-to-decision hazard, not level alone. Retain the full rules because titles often omit indication, NDA/BLA/supplement type and qualifying outcomes.","Require a versioned application identity and official expected action date; reject if the application, indication or sponsor exposure is ambiguous.",Exit at the last tradable close strictly before the earliest public outcome/announcement timestamp; never use a later nominal deadline after the event is known.,"One application–sponsor economic event. Collapse duplicated rows and sibling markets; in research use one equal event weight, while a strategy may scale exposure ex ante.","Combine probability revision with a general sponsor-exposure score: single-product concentration, estimated indication value relative to market cap, application type and decision-date certainty.",Pre-specify exposure variables and action-date provenance. Never create drug-specific cutoffs after seeing returns.,"As of market creation, the FDA's expected decision date for the specified application is May 18, 2026. This market will resolve to ""Yes"" if the U.S. Food and Drug Administration (FDA) grants full or conditional approval for Daiichi Sankyo & AstraZeneca's Enhertu as a treatment for neoadjuvant treatment of adult patients with HER2-positive breast cancer by June 1, 2026, 11:59 PM ET. Otherwise, this market will resolve to...",2026-05-18T00:00:00Z,https://polymarket.com/event/fda-approves-daiichi-sankyo-astrazenecas-enhertu,,https://gamma-api.polymarket.com/markets/2115679
polymarket-treatment-audit-2026-07-13,Other,569210,IONS,FDA approves Donidalorsen?,Mostly correct,primary,Medium,scheduled regulatory decision,probability_revision,False,False,primary,other,scheduled regulatory catalyst,FDA application: Donidalorsen,YES bullish,1.0,automatic FDA-approval rule: YES approval is bullish for the company,"YES approval is bullish in direction, but expected magnitude must be scaled by sponsor exposure, market capitalization, application type and indication materiality.","Use signed probability revisions and time-to-decision hazard, not level alone. Retain the full rules because titles often omit indication, NDA/BLA/supplement type and qualifying outcomes.","Require a versioned application identity and official expected action date; reject if the application, indication or sponsor exposure is ambiguous.",Exit at the last tradable close strictly before the earliest public outcome/announcement timestamp; never use a later nominal deadline after the event is known.,"One application–sponsor economic event. Collapse duplicated rows and sibling markets; in research use one equal event weight, while a strategy may scale exposure ex ante.","Combine probability revision with a general sponsor-exposure score: single-product concentration, estimated indication value relative to market cap, application type and decision-date certainty.",Pre-specify exposure variables and action-date provenance. Never create drug-specific cutoffs after seeing returns.,"This market will resolve to ""Yes"" if the U.S. Food and Drug Administration (FDA) grants full or conditional approval for Ionis Pharmaceuticals' and Theratechnologies Inc.'s Donidalorsen as a prophylactic treatment to prevent attacks of hereditary angioedema in adult and pediatric patients 12 years of age and older by August 31, 2025, 11:59 PM ET. Otherwise, this market will resolve to ""No."" An approval is defined as: For...",2025-08-21T16:00:00Z,https://polymarket.com/event/fda-approves-donidalorsen-for-hereditary-angioedema-by-august-31,,https://gamma-api.polymarket.com/markets/569210
polymarket-treatment-audit-2026-07-13,Other,569211,REGN,FDA approves EYLEA HD?,Mostly correct,primary,Medium,scheduled regulatory decision,probability_revision,False,False,primary,other,scheduled regulatory catalyst,FDA application: EYLEA HD,YES bullish,1.0,automatic FDA-approval rule: YES approval is bullish for the company,"YES approval is bullish in direction, but expected magnitude must be scaled by sponsor exposure, market capitalization, application type and indication materiality.","Use signed probability revisions and time-to-decision hazard, not level alone. Retain the full rules because titles often omit indication, NDA/BLA/supplement type and qualifying outcomes.","Require a versioned application identity and official expected action date; reject if the application, indication or sponsor exposure is ambiguous.",Exit at the last tradable close strictly before the earliest public outcome/announcement timestamp; never use a later nominal deadline after the event is known.,"One application–sponsor economic event. Collapse duplicated rows and sibling markets; in research use one equal event weight, while a strategy may scale exposure ex ante.","Combine probability revision with a general sponsor-exposure score: single-product concentration, estimated indication value relative to market cap, application type and decision-date certainty.",Pre-specify exposure variables and action-date provenance. Never create drug-specific cutoffs after seeing returns.,"This market will resolve to ""Yes"" if the U.S. Food and Drug Administration (FDA) grants full or conditional approval for Regeneron Pharmaceuticals' and Bayer AG's EYLEA HD (aflibercept 8 mg) as a treatment for macular edema following retinal vein occlusion and to expand the dosing schedule to include every 4-week dosing across approved indications by August 31, 2025, 11:59 PM ET. Otherwise, this market will resolve to...",2025-08-19T16:00:00Z,https://polymarket.com/event/fda-approves-eylea-hd-by-august-31,,https://gamma-api.polymarket.com/markets/569211
polymarket-treatment-audit-2026-07-13,Other,569209,TVTX,FDA approves FILSPARI REMS modification?,Mostly correct,primary,Medium,scheduled regulatory decision,probability_revision,False,False,primary,other,scheduled regulatory catalyst,FDA application: FILSPARI REMS modification,YES bullish,1.0,automatic FDA-approval rule: YES approval is bullish for the company,"YES approval is bullish in direction, but expected magnitude must be scaled by sponsor exposure, market capitalization, application type and indication materiality.","Use signed probability revisions and time-to-decision hazard, not level alone. Retain the full rules because titles often omit indication, NDA/BLA/supplement type and qualifying outcomes.","Require a versioned application identity and official expected action date; reject if the application, indication or sponsor exposure is ambiguous.",Exit at the last tradable close strictly before the earliest public outcome/announcement timestamp; never use a later nominal deadline after the event is known.,"One application–sponsor economic event. Collapse duplicated rows and sibling markets; in research use one equal event weight, while a strategy may scale exposure ex ante.","Combine probability revision with a general sponsor-exposure score: single-product concentration, estimated indication value relative to market cap, application type and decision-date certainty.",Pre-specify exposure variables and action-date provenance. Never create drug-specific cutoffs after seeing returns.,"This market will resolve to ""Yes"" if the U.S. Food and Drug Administration (FDA) grants full or conditional approval for Travere Therapeutics' and Ligand Pharmaceuticals' FILSPARI, requesting modification of the liver monitoring REMS requirement as a treatment for IgA nephropathy (IgAN) by August 31, 2025, 11:59 PM ET. Otherwise, this market will resolve to ""No."" An approval is defined as: For new drugs: FDA issuance of an...",2025-08-28T16:00:00Z,https://polymarket.com/event/fda-approves-filspari-rems-modification-for-igan-by-august-31,,https://gamma-api.polymarket.com/markets/569209
polymarket-treatment-audit-2026-07-13,Other,0x11039e885cdc6019a73715569da44dd3577debdaf54a7a85f107e345dd5cc97d,GILD,FDA approves Gilead’s lenacapavir for treating HIV?,Mostly correct,primary,Medium,scheduled regulatory decision,probability_revision,False,False,primary,other,scheduled regulatory catalyst,FDA application: Gilead’s lenacapavir for treating HIV,YES bullish,1.0,automatic FDA-approval rule: YES approval is bullish for the company,"YES approval is bullish in direction, but expected magnitude must be scaled by sponsor exposure, market capitalization, application type and indication materiality.","Use signed probability revisions and time-to-decision hazard, not level alone. Retain the full rules because titles often omit indication, NDA/BLA/supplement type and qualifying outcomes.","Require a versioned application identity and official expected action date; reject if the application, indication or sponsor exposure is ambiguous.",Exit at the last tradable close strictly before the earliest public outcome/announcement timestamp; never use a later nominal deadline after the event is known.,"One application–sponsor economic event. Collapse duplicated rows and sibling markets; in research use one equal event weight, while a strategy may scale exposure ex ante.","Combine probability revision with a general sponsor-exposure score: single-product concentration, estimated indication value relative to market cap, application type and decision-date certainty.",Pre-specify exposure variables and action-date provenance. Never create drug-specific cutoffs after seeing returns.,"This market will resolve to ""Yes"" if the U.S. Food and Drug Administration (FDA) grants full or conditional approval for Gilead Sciences’ new biologics license application (BLA) for lenacapavir as a treatment for Human Immunodeficiency Virus (HIV) by June 19, 2025, 11:59 PM ET. Otherwise, this market will resolve to ""No."" This market will immediately resolve to ""No"" if the FDA issues a Complete Response Letter (CRL) or...",2025-06-19T00:00:00Z,https://polymarket.com/event/fda-approves-gileads-lenacapavir-for-treating-hiv-human-immunodeficiency-virus/fda-approves-gileads-lenacapavir-for-treating-hiv-human-immunodeficiency-virus,,https://gamma-api.polymarket.com/public-search?q=FDA+approves+Gilead%E2%80%99s+lenacapavir+for+treating+HIV%3F
polymarket-treatment-audit-2026-07-13,Other,1993772,GRCE,FDA approves Grace Therapeutics’ GTx-104?,Mostly correct,primary,Medium,scheduled regulatory decision,probability_revision,False,False,primary,other,scheduled regulatory catalyst,FDA application: Grace Therapeutics’ GTx-104,YES bullish,1.0,automatic FDA-approval rule: YES approval is bullish for the company,"YES approval is bullish in direction, but expected magnitude must be scaled by sponsor exposure, market capitalization, application type and indication materiality.","Use signed probability revisions and time-to-decision hazard, not level alone. Retain the full rules because titles often omit indication, NDA/BLA/supplement type and qualifying outcomes.","Require a versioned application identity and official expected action date; reject if the application, indication or sponsor exposure is ambiguous.",Exit at the last tradable close strictly before the earliest public outcome/announcement timestamp; never use a later nominal deadline after the event is known.,"One application–sponsor economic event. Collapse duplicated rows and sibling markets; in research use one equal event weight, while a strategy may scale exposure ex ante.","Combine probability revision with a general sponsor-exposure score: single-product concentration, estimated indication value relative to market cap, application type and decision-date certainty.",Pre-specify exposure variables and action-date provenance. Never create drug-specific cutoffs after seeing returns.,"As of market creation, the FDA’s expected decision date for the specified application is April 23, 2026. This market will resolve to ""Yes"" if the U.S. Food and Drug Administration (FDA) grants full or conditional approval for Grace Therapeutics’ GTx-104 as a treatment for aneurysmal subarachnoid hemorrhage by May 7, 2026, 11:59 PM ET. Otherwise, this market will resolve to ""No."" An approval is defined as: For new drugs:...",2026-04-23T00:00:00Z,https://polymarket.com/event/fda-approves-grace-therapeutics-gtx-104,,https://gamma-api.polymarket.com/markets/1993772
polymarket-treatment-audit-2026-07-13,Other,569181,INSM,FDA approves Insmed’s Brensocatib for bronchiectasis?,"Data repair, then keep",primary,High,scheduled regulatory decision,probability_revision,False,False,primary,other,scheduled regulatory catalyst,FDA application: Insmed’s Brensocatib for bronchiectasis,YES bullish,1.0,automatic FDA-approval rule: YES approval is bullish for the company,"YES approval is bullish in direction, but expected magnitude must be scaled by sponsor exposure, market capitalization, application type and indication materiality.","Use signed probability revisions and time-to-decision hazard, not level alone. Retain the full rules because titles often omit indication, NDA/BLA/supplement type and qualifying outcomes.","Require a versioned application identity and official expected action date; reject if the application, indication or sponsor exposure is ambiguous.",Exit at the last tradable close strictly before the earliest public outcome/announcement timestamp; never use a later nominal deadline after the event is known.,"One application–sponsor economic event. Collapse duplicated rows and sibling markets; in research use one equal event weight, while a strategy may scale exposure ex ante. Collapse exact duplicate candidate rows first.","Combine probability revision with a general sponsor-exposure score: single-product concentration, estimated indication value relative to market cap, application type and decision-date certainty.",Pre-specify exposure variables and action-date provenance. Never create drug-specific cutoffs after seeing returns.,"This market will resolve to ""Yes"" if the U.S. Food and Drug Administration (FDA) grants full or conditional approval for Insmed Inc.’s brensocatib as a treatment for non‑cystic fibrosis bronchiectasis by August 31, 2025, 11:59 PM ET. Otherwise, this market will resolve to ""No."" An approval is defined as: For new drugs: FDA issuance of an approval letter for a New Drug Application (NDA) or Biologics License Application...",2025-08-12T16:00:00Z,https://polymarket.com/event/fda-approves-insmeds-brensocatib-for-bronchiectasis-by-august-31,,https://gamma-api.polymarket.com/markets/569181
polymarket-treatment-audit-2026-07-13,Other,569179,LENZ,FDA approves LENZ Therapeutics’ LNZ100 for presbyopia by August 31?,"Data repair, then keep",primary,High,scheduled regulatory decision,probability_revision,False,False,primary,other,scheduled regulatory catalyst,FDA application: LENZ Therapeutics’ LNZ100 for presbyopia by August 31,YES bullish,1.0,automatic FDA-approval rule: YES approval is bullish for the company,"YES approval is bullish in direction, but expected magnitude must be scaled by sponsor exposure, market capitalization, application type and indication materiality.","Use signed probability revisions and time-to-decision hazard, not level alone. Retain the full rules because titles often omit indication, NDA/BLA/supplement type and qualifying outcomes.","Require a versioned application identity and official expected action date; reject if the application, indication or sponsor exposure is ambiguous.",Exit at the last tradable close strictly before the earliest public outcome/announcement timestamp; never use a later nominal deadline after the event is known.,"One application–sponsor economic event. Collapse duplicated rows and sibling markets; in research use one equal event weight, while a strategy may scale exposure ex ante. Collapse exact duplicate candidate rows first.","Combine probability revision with a general sponsor-exposure score: single-product concentration, estimated indication value relative to market cap, application type and decision-date certainty.",Pre-specify exposure variables and action-date provenance. Never create drug-specific cutoffs after seeing returns.,"This market will resolve to ""Yes"" if the U.S. Food and Drug Administration (FDA) grants full or conditional approval for LENZ Therapeutics’ LNZ100 as a treatment for presbyopia by August 31, 2025, 11:59 PM ET. Otherwise, this market will resolve to ""No."" An approval is defined as: For new drugs: FDA issuance of an approval letter for a New Drug Application (NDA) or Biologics License Application (BLA) For already-marketed...",2025-08-08T16:00:00Z,https://polymarket.com/event/fda-approves-lenz-therapeutics-lnz100-for-presbyopia-by-august-31,,https://gamma-api.polymarket.com/markets/569179
polymarket-treatment-audit-2026-07-13,Other,569208,BIIB,FDA approves Leqembi auto-injection for early Alzheimer’s?,Mostly correct,primary,Medium,scheduled regulatory decision,probability_revision,False,False,primary,other,scheduled regulatory catalyst,FDA application: Leqembi auto-injection for early Alzheimer’s,YES bullish,1.0,automatic FDA-approval rule: YES approval is bullish for the company,"YES approval is bullish in direction, but expected magnitude must be scaled by sponsor exposure, market capitalization, application type and indication materiality.","Use signed probability revisions and time-to-decision hazard, not level alone. Retain the full rules because titles often omit indication, NDA/BLA/supplement type and qualifying outcomes.","Require a versioned application identity and official expected action date; reject if the application, indication or sponsor exposure is ambiguous.",Exit at the last tradable close strictly before the earliest public outcome/announcement timestamp; never use a later nominal deadline after the event is known.,"One application–sponsor economic event. Collapse duplicated rows and sibling markets; in research use one equal event weight, while a strategy may scale exposure ex ante.","Combine probability revision with a general sponsor-exposure score: single-product concentration, estimated indication value relative to market cap, application type and decision-date certainty.",Pre-specify exposure variables and action-date provenance. Never create drug-specific cutoffs after seeing returns.,"This market will resolve to ""Yes"" if the U.S. Food and Drug Administration (FDA) grants full or conditional approval for Leqembi® (lecanemab), developed by Eisai, Biogen, and BioArctic, for use in a subcutaneous auto-injection formulation as a treatment for early Alzheimer’s disease by August 31, 2025, 11:59 PM ET. Otherwise, this market will resolve to ""No."" An approval is defined as: For new drugs: FDA issuance of an...",2025-08-31T16:00:00Z,https://polymarket.com/event/fda-approves-leqembi-auto-injection-for-early-alzheimers-by-august-31,,https://gamma-api.polymarket.com/markets/569208
polymarket-treatment-audit-2026-07-13,Other,2307750,MNKD,FDA approves MannKind's Afrezza?,Mostly correct,primary,Medium,scheduled regulatory decision,probability_revision,False,False,primary,other,scheduled regulatory catalyst,FDA application: MannKind's Afrezza,YES bullish,1.0,automatic FDA-approval rule: YES approval is bullish for the company,"YES approval is bullish in direction, but expected magnitude must be scaled by sponsor exposure, market capitalization, application type and indication materiality.","Use signed probability revisions and time-to-decision hazard, not level alone. Retain the full rules because titles often omit indication, NDA/BLA/supplement type and qualifying outcomes.","Require a versioned application identity and official expected action date; reject if the application, indication or sponsor exposure is ambiguous.",Exit at the last tradable close strictly before the earliest public outcome/announcement timestamp; never use a later nominal deadline after the event is known.,"One application–sponsor economic event. Collapse duplicated rows and sibling markets; in research use one equal event weight, while a strategy may scale exposure ex ante.","Combine probability revision with a general sponsor-exposure score: single-product concentration, estimated indication value relative to market cap, application type and decision-date certainty.",Pre-specify exposure variables and action-date provenance. Never create drug-specific cutoffs after seeing returns.,"As of market creation, the FDA's expected decision date for the specified application is May 29, 2026. This market will resolve to ""Yes"" if the U.S. Food and Drug Administration (FDA) grants full or conditional approval for MannKind's Afrezza as a treatment for children and adolescents with type 1 or type 2 diabetes by June 12, 2026, 11:59 PM ET. Otherwise, this market will resolve to ""No."" An approval is defined as: For...",2026-05-29T00:00:00Z,https://polymarket.com/event/fda-approves-mannkinds-afrezza,,https://gamma-api.polymarket.com/markets/2307750
polymarket-treatment-audit-2026-07-13,Other,2036597,MRK,FDA approves Merck's Doravirine/Islatravir?,Mostly correct,primary,Medium,scheduled regulatory decision,probability_revision,False,False,primary,other,scheduled regulatory catalyst,FDA application: Merck's Doravirine/Islatravir,YES bullish,1.0,automatic FDA-approval rule: YES approval is bullish for the company,"YES approval is bullish in direction, but expected magnitude must be scaled by sponsor exposure, market capitalization, application type and indication materiality.","Use signed probability revisions and time-to-decision hazard, not level alone. Retain the full rules because titles often omit indication, NDA/BLA/supplement type and qualifying outcomes.","Require a versioned application identity and official expected action date; reject if the application, indication or sponsor exposure is ambiguous.",Exit at the last tradable close strictly before the earliest public outcome/announcement timestamp; never use a later nominal deadline after the event is known.,"One application–sponsor economic event. Collapse duplicated rows and sibling markets; in research use one equal event weight, while a strategy may scale exposure ex ante.","Combine probability revision with a general sponsor-exposure score: single-product concentration, estimated indication value relative to market cap, application type and decision-date certainty.",Pre-specify exposure variables and action-date provenance. Never create drug-specific cutoffs after seeing returns.,"As of market creation, the FDA's expected decision date for the specified application is April 28, 2026. This market will resolve to ""Yes"" if the U.S. Food and Drug Administration (FDA) grants full or conditional approval for Merck's Doravirine/Islatravir as a treatment for adults with virologically suppressed HIV-1 infection by May 12, 2026, 11:59 PM ET. Otherwise, this market will resolve to ""No."" An approval is defined...",2026-04-28T00:00:00Z,https://polymarket.com/event/fda-approves-mercks-doravirineislatravir,,https://gamma-api.polymarket.com/markets/2036597
polymarket-treatment-audit-2026-07-13,Other,550768,MRK,FDA approves Merck’s clesrovimab infant RSV prevention (MK‑1654)?,Mostly correct,primary,Medium,scheduled regulatory decision,probability_revision,False,False,primary,other,scheduled regulatory catalyst,FDA application: Merck’s clesrovimab infant RSV prevention (MK‑1654),YES bullish,1.0,automatic FDA-approval rule: YES approval is bullish for the company,"YES approval is bullish in direction, but expected magnitude must be scaled by sponsor exposure, market capitalization, application type and indication materiality.","Use signed probability revisions and time-to-decision hazard, not level alone. Retain the full rules because titles often omit indication, NDA/BLA/supplement type and qualifying outcomes.","Require a versioned application identity and official expected action date; reject if the application, indication or sponsor exposure is ambiguous.",Exit at the last tradable close strictly before the earliest public outcome/announcement timestamp; never use a later nominal deadline after the event is known.,"One application–sponsor economic event. Collapse duplicated rows and sibling markets; in research use one equal event weight, while a strategy may scale exposure ex ante.","Combine probability revision with a general sponsor-exposure score: single-product concentration, estimated indication value relative to market cap, application type and decision-date certainty.",Pre-specify exposure variables and action-date provenance. Never create drug-specific cutoffs after seeing returns.,"This market will resolve to ""Yes"" if the U.S. Food and Drug Administration (FDA) grants full or conditional approval for Merck’s biologics license application (BLA) for clesrovimab (MK‑1654) as a preventive treatment for respiratory syncytial virus (RSV) in infants by June 17, 2025, 11:59 PM ET. Otherwise, this market will resolve to ""No"". This market will immediately resolve to ""No"" if the FDA issues a Complete Response...",2025-06-17T00:00:00Z,https://polymarket.com/event/fda-approves-mercks-clesrovimab-infant-rsv-prevention-mk1654,,https://gamma-api.polymarket.com/markets/550768
polymarket-treatment-audit-2026-07-13,Other,566029,REGN,Will the FDA approve Odronextamab/Ordspono Resubmitted BLA?,"Data repair, then keep",primary,High,scheduled regulatory decision,probability_revision,False,False,primary,other,scheduled regulatory catalyst,FDA application: Odronextamab/Ordspono Resubmitted BLA,YES bullish,1.0,automatic FDA-approval rule: YES approval is bullish for the company,"YES approval is bullish in direction, but expected magnitude must be scaled by sponsor exposure, market capitalization, application type and indication materiality.","Use signed probability revisions and time-to-decision hazard, not level alone. Retain the full rules because titles often omit indication, NDA/BLA/supplement type and qualifying outcomes.","Require a versioned application identity and official expected action date; reject if the application, indication or sponsor exposure is ambiguous.",Exit at the last tradable close strictly before the earliest public outcome/announcement timestamp; never use a later nominal deadline after the event is known.,"One application–sponsor economic event. Collapse duplicated rows and sibling markets; in research use one equal event weight, while a strategy may scale exposure ex ante. Collapse exact duplicate candidate rows first.","Combine probability revision with a general sponsor-exposure score: single-product concentration, estimated indication value relative to market cap, application type and decision-date certainty.",Pre-specify exposure variables and action-date provenance. Never create drug-specific cutoffs after seeing returns.,"This market will resolve to ""Yes"" if the U.S. Food and Drug Administration (FDA) grants full or conditional approval for the listed drug by July 31, 2025, 11:59 PM ET. Otherwise, this market will resolve to ""No."" An approval is defined as: For new drugs: FDA issuance of an approval letter for a New Drug Application (NDA) or Biologics License Application (BLA) For already-marketed drugs seeking new indications: FDA approval...",2025-07-31T23:55:00Z,https://polymarket.com/event/will-the-fda-approve-odronextamabordspono-resubmitted-bla,,https://gamma-api.polymarket.com/markets/566029
polymarket-treatment-audit-2026-07-13,Other,569189,OTLK,FDA approves Outlook Therapeutics’ ONS-5010 for wet AMD?,Incorrect endpoint,exclude,Critical,scheduled regulatory decision,probability_revision,False,False,excluded,other,scheduled regulatory catalyst,FDA application: Outlook Therapeutics’ ONS-5010 for wet AMD,YES bullish,1.0,automatic FDA-approval rule: YES approval is bullish for the company,"YES approval is bullish in direction, but expected magnitude must be scaled by sponsor exposure, market capitalization, application type and indication materiality.","Use signed probability revisions and time-to-decision hazard, not level alone. Retain the full rules because titles often omit indication, NDA/BLA/supplement type and qualifying outcomes.","Require a versioned application identity and official expected action date; reject if the application, indication or sponsor exposure is ambiguous.",Exit at the last tradable close strictly before the earliest public outcome/announcement timestamp; never use a later nominal deadline after the event is known.,"One application–sponsor economic event. Collapse duplicated rows and sibling markets; in research use one equal event weight, while a strategy may scale exposure ex ante. Collapse exact duplicate candidate rows first.","Combine probability revision with a general sponsor-exposure score: single-product concentration, estimated indication value relative to market cap, application type and decision-date certainty.",Pre-specify exposure variables and action-date provenance. Never create drug-specific cutoffs after seeing returns.,"This market will resolve to ""Yes"" if the U.S. Food and Drug Administration (FDA) grants full or conditional approval for Outlook Therapeutics’ ONS-5010 as a treatment for wet age-related macular degeneration (wet AMD) by August 31, 2025, 11:59 PM ET. Otherwise, this market will resolve to ""No."" An approval is defined as: For new drugs: FDA issuance of an approval letter for a New Drug Application (NDA) or Biologics License...",2025-08-31T16:00:00Z,https://polymarket.com/event/fda-approves-outlook-therapeutics-ons-5010-for-wet-amd-by-august-31,,https://gamma-api.polymarket.com/markets/569189
polymarket-treatment-audit-2026-07-13,Other,569184,PTCT,FDA approves PTC Therapeutics’ Vatiquinone for Friedreich’s ataxia?,"Data repair, then keep",primary,High,scheduled regulatory decision,probability_revision,False,False,primary,other,scheduled regulatory catalyst,FDA application: PTC Therapeutics’ Vatiquinone for Friedreich’s ataxia,YES bullish,1.0,automatic FDA-approval rule: YES approval is bullish for the company,"YES approval is bullish in direction, but expected magnitude must be scaled by sponsor exposure, market capitalization, application type and indication materiality.","Use signed probability revisions and time-to-decision hazard, not level alone. Retain the full rules because titles often omit indication, NDA/BLA/supplement type and qualifying outcomes.","Require a versioned application identity and official expected action date; reject if the application, indication or sponsor exposure is ambiguous.",Exit at the last tradable close strictly before the earliest public outcome/announcement timestamp; never use a later nominal deadline after the event is known.,"One application–sponsor economic event. Collapse duplicated rows and sibling markets; in research use one equal event weight, while a strategy may scale exposure ex ante. Collapse exact duplicate candidate rows first.","Combine probability revision with a general sponsor-exposure score: single-product concentration, estimated indication value relative to market cap, application type and decision-date certainty.",Pre-specify exposure variables and action-date provenance. Never create drug-specific cutoffs after seeing returns.,"This market will resolve to ""Yes"" if the U.S. Food and Drug Administration (FDA) grants full or conditional approval for PTC Therapeutics’ Vatiquinone as a treatment for Friedreich’s ataxia by August 31, 2025, 11:59 PM ET. Otherwise, this market will resolve to ""No."" An approval is defined as: For new drugs: FDA issuance of an approval letter for a New Drug Application (NDA) or Biologics License Application (BLA) For...",2025-08-19T16:00:00Z,https://polymarket.com/event/fda-approves-ptc-therapeutics-vatiquinone-for-friedreichs-ataxia-by-august-31,,https://gamma-api.polymarket.com/markets/569184
polymarket-treatment-audit-2026-07-13,Other,569187,PGEN,FDA approves Precigen’s PRGN-2012 for recurrent respiratory papillomatosis?,"Data repair, then keep",primary,High,scheduled regulatory decision,probability_revision,False,False,primary,other,scheduled regulatory catalyst,FDA application: Precigen’s PRGN-2012 for recurrent respiratory papillomatosis,YES bullish,1.0,automatic FDA-approval rule: YES approval is bullish for the company,"YES approval is bullish in direction, but expected magnitude must be scaled by sponsor exposure, market capitalization, application type and indication materiality.","Use signed probability revisions and time-to-decision hazard, not level alone. Retain the full rules because titles often omit indication, NDA/BLA/supplement type and qualifying outcomes.","Require a versioned application identity and official expected action date; reject if the application, indication or sponsor exposure is ambiguous.",Exit at the last tradable close strictly before the earliest public outcome/announcement timestamp; never use a later nominal deadline after the event is known.,"One application–sponsor economic event. Collapse duplicated rows and sibling markets; in research use one equal event weight, while a strategy may scale exposure ex ante. Collapse exact duplicate candidate rows first.","Combine probability revision with a general sponsor-exposure score: single-product concentration, estimated indication value relative to market cap, application type and decision-date certainty.",Pre-specify exposure variables and action-date provenance. Never create drug-specific cutoffs after seeing returns.,"This market will resolve to ""Yes"" if the U.S. Food and Drug Administration (FDA) grants full or conditional approval for Precigen’s PRGN-2012 as a treatment for recurrent respiratory papillomatosis in adults by August 31, 2025, 11:59 PM ET. Otherwise, this market will resolve to ""No."" An approval is defined as: For new drugs: FDA issuance of an approval letter for a New Drug Application (NDA) or Biologics License...",2025-08-27T16:00:00Z,https://polymarket.com/event/fda-approves-precigens-prgn-2012-for-recurrent-respiratory-papillomatosis-by-august-31,,https://gamma-api.polymarket.com/markets/569187
polymarket-treatment-audit-2026-07-13,Other,0x7a8c707fb249d07d578a30ec22f2532eda55b76784e1bf0e52d64802209e0f0a,REGN,FDA approves Regeneron’s Dupixent for bullous pemphigoid?,Mostly correct,primary,Medium,scheduled regulatory decision,probability_revision,False,False,primary,other,scheduled regulatory catalyst,FDA application: Regeneron’s Dupixent for bullous pemphigoid,YES bullish,1.0,automatic FDA-approval rule: YES approval is bullish for the company,"YES approval is bullish in direction, but expected magnitude must be scaled by sponsor exposure, market capitalization, application type and indication materiality.","Use signed probability revisions and time-to-decision hazard, not level alone. Retain the full rules because titles often omit indication, NDA/BLA/supplement type and qualifying outcomes.","Require a versioned application identity and official expected action date; reject if the application, indication or sponsor exposure is ambiguous.",Exit at the last tradable close strictly before the earliest public outcome/announcement timestamp; never use a later nominal deadline after the event is known.,"One application–sponsor economic event. Collapse duplicated rows and sibling markets; in research use one equal event weight, while a strategy may scale exposure ex ante.","Combine probability revision with a general sponsor-exposure score: single-product concentration, estimated indication value relative to market cap, application type and decision-date certainty.",Pre-specify exposure variables and action-date provenance. Never create drug-specific cutoffs after seeing returns.,"This market will resolve to ""Yes"" if the U.S. Food and Drug Administration (FDA) grants full or conditional approval for Regeneron Pharmaceuticals’ biologics license application (BLA) or supplemental BLA (sBLA) for Dupixent® (dupilumab) as a treatment for bullous pemphigoid by June 20, 2025, 11:59 PM ET. Otherwise, this market will resolve to ""No."" This market will immediately resolve to ""No"" if the FDA issues a Complete...",2025-06-20T00:00:00Z,https://polymarket.com/event/fda-approves-regenerons-dupixent-for-bullous-pemphigoid/fda-approves-regenerons-dupixent-for-bullous-pemphigoid,,https://gamma-api.polymarket.com/public-search?q=FDA+approves+Regeneron%E2%80%99s+Dupixent+for+bullous+pemphigoid%3F
polymarket-treatment-audit-2026-07-13,Other,2036554,SNY,FDA approves Sanofi's Dupixent?,Mostly correct,primary,Medium,scheduled regulatory decision,probability_revision,False,False,primary,other,scheduled regulatory catalyst,FDA application: Sanofi's Dupixent,YES bullish,1.0,automatic FDA-approval rule: YES approval is bullish for the company,"YES approval is bullish in direction, but expected magnitude must be scaled by sponsor exposure, market capitalization, application type and indication materiality.","Use signed probability revisions and time-to-decision hazard, not level alone. Retain the full rules because titles often omit indication, NDA/BLA/supplement type and qualifying outcomes.","Require a versioned application identity and official expected action date; reject if the application, indication or sponsor exposure is ambiguous.",Exit at the last tradable close strictly before the earliest public outcome/announcement timestamp; never use a later nominal deadline after the event is known.,"One application–sponsor economic event. Collapse duplicated rows and sibling markets; in research use one equal event weight, while a strategy may scale exposure ex ante.","Combine probability revision with a general sponsor-exposure score: single-product concentration, estimated indication value relative to market cap, application type and decision-date certainty.",Pre-specify exposure variables and action-date provenance. Never create drug-specific cutoffs after seeing returns.,"As of market creation, the FDA's expected decision date for the specified application is April 27, 2026. This market will resolve to ""Yes"" if the U.S. Food and Drug Administration (FDA) grants full or conditional approval for Sanofi's Dupixent as a treatment for chronic spontaneous urticaria (CSU) in children by May 11, 2026, 11:59 PM ET. Otherwise, this market will resolve to ""No."" An approval is defined as: For new...",2026-04-27T00:00:00Z,https://polymarket.com/event/fda-approves-sanofis-dupixent,,https://gamma-api.polymarket.com/markets/2036554
polymarket-treatment-audit-2026-07-13,Other,2036685,SNY,FDA approves Sanofi's Tzield?,Mostly correct,primary,Medium,scheduled regulatory decision,probability_revision,False,False,primary,other,scheduled regulatory catalyst,FDA application: Sanofi's Tzield,YES bullish,1.0,automatic FDA-approval rule: YES approval is bullish for the company,"YES approval is bullish in direction, but expected magnitude must be scaled by sponsor exposure, market capitalization, application type and indication materiality.","Use signed probability revisions and time-to-decision hazard, not level alone. Retain the full rules because titles often omit indication, NDA/BLA/supplement type and qualifying outcomes.","Require a versioned application identity and official expected action date; reject if the application, indication or sponsor exposure is ambiguous.",Exit at the last tradable close strictly before the earliest public outcome/announcement timestamp; never use a later nominal deadline after the event is known.,"One application–sponsor economic event. Collapse duplicated rows and sibling markets; in research use one equal event weight, while a strategy may scale exposure ex ante.","Combine probability revision with a general sponsor-exposure score: single-product concentration, estimated indication value relative to market cap, application type and decision-date certainty.",Pre-specify exposure variables and action-date provenance. Never create drug-specific cutoffs after seeing returns.,"As of market creation, the FDA's expected decision date for the specified application is April 29, 2026. This market will resolve to ""Yes"" if the U.S. Food and Drug Administration (FDA) grants full or conditional approval for Sanofi's Tzield as a treatment for delaying the onset of stage 3 type 1 diabetes in patients aged 1 year and older with stage 2 type 1 diabetes by May 13, 2026, 11:59 PM ET. Otherwise, this market...",2026-04-29T00:00:00Z,https://polymarket.com/event/fda-approves-sanofis-tzield,,https://gamma-api.polymarket.com/markets/2036685
polymarket-treatment-audit-2026-07-13,Other,569190,SNY,FDA approves Sanofi’s Rilzabrutinib for immune thrombocytopenia?,Mostly correct,primary,Medium,scheduled regulatory decision,probability_revision,False,False,primary,other,scheduled regulatory catalyst,FDA application: Sanofi’s Rilzabrutinib for immune thrombocytopenia,YES bullish,1.0,automatic FDA-approval rule: YES approval is bullish for the company,"YES approval is bullish in direction, but expected magnitude must be scaled by sponsor exposure, market capitalization, application type and indication materiality.","Use signed probability revisions and time-to-decision hazard, not level alone. Retain the full rules because titles often omit indication, NDA/BLA/supplement type and qualifying outcomes.","Require a versioned application identity and official expected action date; reject if the application, indication or sponsor exposure is ambiguous.",Exit at the last tradable close strictly before the earliest public outcome/announcement timestamp; never use a later nominal deadline after the event is known.,"One application–sponsor economic event. Collapse duplicated rows and sibling markets; in research use one equal event weight, while a strategy may scale exposure ex ante.","Combine probability revision with a general sponsor-exposure score: single-product concentration, estimated indication value relative to market cap, application type and decision-date certainty.",Pre-specify exposure variables and action-date provenance. Never create drug-specific cutoffs after seeing returns.,"This market will resolve to ""Yes"" if the U.S. Food and Drug Administration (FDA) grants full or conditional approval for Sanofi’s Rilzabrutinib as a treatment for immune thrombocytopenia by August 31, 2025, 11:59 PM ET. Otherwise, this market will resolve to ""No."" An approval is defined as: For new drugs: FDA issuance of an approval letter for a New Drug Application (NDA) or Biologics License Application (BLA) For...",2025-08-29T16:00:00Z,https://polymarket.com/event/fda-approves-sanofis-rilzabrutinib-for-immune-thrombocytopenia-by-august-31,,https://gamma-api.polymarket.com/markets/569190
polymarket-treatment-audit-2026-07-13,Other,1993856,SNY,FDA approves Sanofi’s Subcutaneous Sarclisa?,Mostly correct,primary,Medium,scheduled regulatory decision,probability_revision,False,False,primary,other,scheduled regulatory catalyst,FDA application: Sanofi’s Subcutaneous Sarclisa,YES bullish,1.0,automatic FDA-approval rule: YES approval is bullish for the company,"YES approval is bullish in direction, but expected magnitude must be scaled by sponsor exposure, market capitalization, application type and indication materiality.","Use signed probability revisions and time-to-decision hazard, not level alone. Retain the full rules because titles often omit indication, NDA/BLA/supplement type and qualifying outcomes.","Require a versioned application identity and official expected action date; reject if the application, indication or sponsor exposure is ambiguous.",Exit at the last tradable close strictly before the earliest public outcome/announcement timestamp; never use a later nominal deadline after the event is known.,"One application–sponsor economic event. Collapse duplicated rows and sibling markets; in research use one equal event weight, while a strategy may scale exposure ex ante.","Combine probability revision with a general sponsor-exposure score: single-product concentration, estimated indication value relative to market cap, application type and decision-date certainty.",Pre-specify exposure variables and action-date provenance. Never create drug-specific cutoffs after seeing returns.,"As of market creation, the FDA’s expected decision date for the specified application is April 23, 2026. This market will resolve to ""Yes"" if the U.S. Food and Drug Administration (FDA) grants full or conditional approval for Sanofi’s Subcutaneous Sarclisa as a treatment for multiple myeloma by May 7, 2026, 11:59 PM ET. Otherwise, this market will resolve to ""No."" An approval is defined as: For new drugs: FDA issuance of...",2026-04-23T00:00:00Z,https://polymarket.com/event/fda-approves-sanofis-sarclisa,,https://gamma-api.polymarket.com/markets/1993856
polymarket-treatment-audit-2026-07-13,Other,566028,PTCT,Will the FDA approve Sepiapterin NDA?,"Data repair, then keep",primary,High,scheduled regulatory decision,probability_revision,False,False,primary,other,scheduled regulatory catalyst,FDA application: Sepiapterin NDA,YES bullish,1.0,automatic FDA-approval rule: YES approval is bullish for the company,"YES approval is bullish in direction, but expected magnitude must be scaled by sponsor exposure, market capitalization, application type and indication materiality.","Use signed probability revisions and time-to-decision hazard, not level alone. Retain the full rules because titles often omit indication, NDA/BLA/supplement type and qualifying outcomes.","Require a versioned application identity and official expected action date; reject if the application, indication or sponsor exposure is ambiguous.",Exit at the last tradable close strictly before the earliest public outcome/announcement timestamp; never use a later nominal deadline after the event is known.,"One application–sponsor economic event. Collapse duplicated rows and sibling markets; in research use one equal event weight, while a strategy may scale exposure ex ante. Collapse exact duplicate candidate rows first.","Combine probability revision with a general sponsor-exposure score: single-product concentration, estimated indication value relative to market cap, application type and decision-date certainty.",Pre-specify exposure variables and action-date provenance. Never create drug-specific cutoffs after seeing returns.,"This market will resolve to ""Yes"" if the U.S. Food and Drug Administration (FDA) grants full or conditional approval for the listed drug by July 31, 2025, 11:59 PM ET. Otherwise, this market will resolve to ""No."" An approval is defined as: For new drugs: FDA issuance of an approval letter for a New Drug Application (NDA) or Biologics License Application (BLA) For already-marketed drugs seeking new indications: FDA approval...",2025-07-31T23:55:00Z,https://polymarket.com/event/will-the-fda-approve-sepiapterin-nda,,https://gamma-api.polymarket.com/markets/566028
polymarket-treatment-audit-2026-07-13,Other,569186,TLX,FDA approves Telix Pharmaceuticals’ TLX250-CDx for kidney cancer imaging?,"Data repair, then keep",primary,High,scheduled regulatory decision,probability_revision,False,False,primary,other,scheduled regulatory catalyst,FDA application: Telix Pharmaceuticals’ TLX250-CDx for kidney cancer imaging,YES bullish,1.0,automatic FDA-approval rule: YES approval is bullish for the company,"YES approval is bullish in direction, but expected magnitude must be scaled by sponsor exposure, market capitalization, application type and indication materiality.","Use signed probability revisions and time-to-decision hazard, not level alone. Retain the full rules because titles often omit indication, NDA/BLA/supplement type and qualifying outcomes.","Require a versioned application identity and official expected action date; reject if the application, indication or sponsor exposure is ambiguous.",Exit at the last tradable close strictly before the earliest public outcome/announcement timestamp; never use a later nominal deadline after the event is known.,"One application–sponsor economic event. Collapse duplicated rows and sibling markets; in research use one equal event weight, while a strategy may scale exposure ex ante. Collapse exact duplicate candidate rows first.","Combine probability revision with a general sponsor-exposure score: single-product concentration, estimated indication value relative to market cap, application type and decision-date certainty.",Pre-specify exposure variables and action-date provenance. Never create drug-specific cutoffs after seeing returns.,"This market will resolve to ""Yes"" if the U.S. Food and Drug Administration (FDA) grants full or conditional approval for Telix Pharmaceuticals’ TLX250-CDx as a PET imaging agent for kidney cancer by August 31, 2025, 11:59 PM ET. Otherwise, this market will resolve to ""No."" An approval is defined as: For new drugs: FDA issuance of an approval letter for a New Drug Application (NDA) or Biologics License Application (BLA) For...",2025-08-27T16:00:00Z,https://polymarket.com/event/fda-approves-telix-pharmaceuticals-tlx250-cdx-for-kidney-cancer-imaging-by-august-31,,https://gamma-api.polymarket.com/markets/569186
polymarket-treatment-audit-2026-07-13,Other,569182,TNXP,FDA approves Tonix Pharmaceuticals’ TNX-102 SL for fibromyalgia?,"Data repair, then keep",primary,High,scheduled regulatory decision,probability_revision,False,False,primary,other,scheduled regulatory catalyst,FDA application: Tonix Pharmaceuticals’ TNX-102 SL for fibromyalgia,YES bullish,1.0,automatic FDA-approval rule: YES approval is bullish for the company,"YES approval is bullish in direction, but expected magnitude must be scaled by sponsor exposure, market capitalization, application type and indication materiality.","Use signed probability revisions and time-to-decision hazard, not level alone. Retain the full rules because titles often omit indication, NDA/BLA/supplement type and qualifying outcomes.","Require a versioned application identity and official expected action date; reject if the application, indication or sponsor exposure is ambiguous.",Exit at the last tradable close strictly before the earliest public outcome/announcement timestamp; never use a later nominal deadline after the event is known.,"One application–sponsor economic event. Collapse duplicated rows and sibling markets; in research use one equal event weight, while a strategy may scale exposure ex ante. Collapse exact duplicate candidate rows first.","Combine probability revision with a general sponsor-exposure score: single-product concentration, estimated indication value relative to market cap, application type and decision-date certainty.",Pre-specify exposure variables and action-date provenance. Never create drug-specific cutoffs after seeing returns.,"This market will resolve to ""Yes"" if the U.S. Food and Drug Administration (FDA) grants full or conditional approval for Tonix Pharmaceuticals’ TNX-102 SL as a treatment for fibromyalgia by August 31, 2025, 11:59 PM ET. Otherwise, this market will resolve to ""No."" An approval is defined as: For new drugs: FDA issuance of an approval letter for a New Drug Application (NDA) or Biologics License Application (BLA) For...",2025-08-15T16:00:00Z,https://polymarket.com/event/fda-approves-tonix-pharmaceuticals-tnx-102-sl-for-fibromyalgia-by-august-31,,https://gamma-api.polymarket.com/markets/569182
polymarket-treatment-audit-2026-07-13,Other,566025,ASND,Will the FDA approve TransCon hGH sBLA?,"Data repair, then keep",primary,High,scheduled regulatory decision,probability_revision,False,False,primary,other,scheduled regulatory catalyst,FDA application: TransCon hGH sBLA,YES bullish,1.0,automatic FDA-approval rule: YES approval is bullish for the company,"YES approval is bullish in direction, but expected magnitude must be scaled by sponsor exposure, market capitalization, application type and indication materiality.","Use signed probability revisions and time-to-decision hazard, not level alone. Retain the full rules because titles often omit indication, NDA/BLA/supplement type and qualifying outcomes.","Require a versioned application identity and official expected action date; reject if the application, indication or sponsor exposure is ambiguous.",Exit at the last tradable close strictly before the earliest public outcome/announcement timestamp; never use a later nominal deadline after the event is known.,"One application–sponsor economic event. Collapse duplicated rows and sibling markets; in research use one equal event weight, while a strategy may scale exposure ex ante. Collapse exact duplicate candidate rows first.","Combine probability revision with a general sponsor-exposure score: single-product concentration, estimated indication value relative to market cap, application type and decision-date certainty.",Pre-specify exposure variables and action-date provenance. Never create drug-specific cutoffs after seeing returns.,"This market will resolve to ""Yes"" if the U.S. Food and Drug Administration (FDA) grants full or conditional approval for the listed drug by July 31, 2025, 11:59 PM ET. Otherwise, this market will resolve to ""No."" An approval is defined as: For new drugs: FDA issuance of an approval letter for a New Drug Application (NDA) or Biologics License Application (BLA) For already-marketed drugs seeking new indications: FDA approval...",2025-07-31T23:55:00Z,https://polymarket.com/event/will-the-fda-approve-transcon-hgh-sbla,,https://gamma-api.polymarket.com/markets/566025
polymarket-treatment-audit-2026-07-13,Other,553038,UNCY,FDA approves Unicycive’s Oxylanthanum Carbonate (OLC)?,"Data repair, then keep",primary,High,scheduled regulatory decision,probability_revision,False,False,primary,other,scheduled regulatory catalyst,FDA application: Unicycive’s Oxylanthanum Carbonate (OLC),YES bullish,1.0,automatic FDA-approval rule: YES approval is bullish for the company,"YES approval is bullish in direction, but expected magnitude must be scaled by sponsor exposure, market capitalization, application type and indication materiality.","Use signed probability revisions and time-to-decision hazard, not level alone. Retain the full rules because titles often omit indication, NDA/BLA/supplement type and qualifying outcomes.","Require a versioned application identity and official expected action date; reject if the application, indication or sponsor exposure is ambiguous.",Exit at the last tradable close strictly before the earliest public outcome/announcement timestamp; never use a later nominal deadline after the event is known.,"One application–sponsor economic event. Collapse duplicated rows and sibling markets; in research use one equal event weight, while a strategy may scale exposure ex ante. Collapse exact duplicate candidate rows first.","Combine probability revision with a general sponsor-exposure score: single-product concentration, estimated indication value relative to market cap, application type and decision-date certainty.",Pre-specify exposure variables and action-date provenance. Never create drug-specific cutoffs after seeing returns.,"This market will resolve to ""Yes"" if the U.S. Food and Drug Administration (FDA) grants full or conditional approval for Unicycive Therapeutics’ new drug application (NDA) for Oxylanthanum Carbonate (OLC) as a treatment for hyperphosphatemia in patients with chronic kidney disease (CKD) by June 28, 2025, 11:59 PM ET. Otherwise, this market will resolve to ""No."" This market will immediately resolve to ""No"" if the FDA issues...",2025-06-28T00:00:00Z,https://polymarket.com/event/fda-approves-unicycives-oxylanthanum-carbonate-olc,,https://gamma-api.polymarket.com/markets/553038
polymarket-treatment-audit-2026-07-13,Other,2115652,ARGX,FDA approves argenx's Vyvgart?,Mostly correct,primary,Medium,scheduled regulatory decision,probability_revision,False,False,primary,other,scheduled regulatory catalyst,FDA application: argenx's Vyvgart,YES bullish,1.0,automatic FDA-approval rule: YES approval is bullish for the company,"YES approval is bullish in direction, but expected magnitude must be scaled by sponsor exposure, market capitalization, application type and indication materiality.","Use signed probability revisions and time-to-decision hazard, not level alone. Retain the full rules because titles often omit indication, NDA/BLA/supplement type and qualifying outcomes.","Require a versioned application identity and official expected action date; reject if the application, indication or sponsor exposure is ambiguous.",Exit at the last tradable close strictly before the earliest public outcome/announcement timestamp; never use a later nominal deadline after the event is known.,"One application–sponsor economic event. Collapse duplicated rows and sibling markets; in research use one equal event weight, while a strategy may scale exposure ex ante.","Combine probability revision with a general sponsor-exposure score: single-product concentration, estimated indication value relative to market cap, application type and decision-date certainty.",Pre-specify exposure variables and action-date provenance. Never create drug-specific cutoffs after seeing returns.,"As of market creation, the FDA's expected decision date for the specified application is May 10, 2026. This market will resolve to ""Yes"" if the U.S. Food and Drug Administration (FDA) grants full or conditional approval for argenx's Vyvgart as a treatment for seronegative generalized myasthenia gravis by May 24, 2026, 11:59 PM ET. Otherwise, this market will resolve to ""No."" An approval is defined as: For new drugs: FDA...",2026-05-10T00:00:00Z,https://polymarket.com/event/fda-approves-argenxs-vyvgart,,https://gamma-api.polymarket.com/markets/2115652
polymarket-treatment-audit-2026-07-13,Other,0xa027ae5dedef27be6a5ed85e8fe9607f0df698f080a750eccb9ded63a3b1706a,RACE,"Ferrari Shipments above 3,400 in Q1?",Needs redesign,quarantine,High,company KPI threshold,threshold_distribution_vs_consensus,True,True,quarantined_until_transform_available,other,earnings-adjacent company KPI,"Ferrari Shipments above 3,400 in Q1",YES bullish,0.95,Higher shipments indicate strong demand and revenue for Ferrari.,Do not make YES automatically bullish. It is bullish only when the threshold is meaningfully above the ex-ante consensus/guidance distribution; an already expected number can be neutral or sell-the-news.,"Combine all sibling thresholds into an implied CDF/expected metric and measure revisions versus consensus, guidance and prior-quarter seasonality.",Enter only when the probability-implied metric meaningfully differs from a timestamped external expectation and the discrepancy survives a pre-specified materiality rule.,Use the exact earnings-release timestamp. For after-close releases the same-day close may be eligible; for pre-open releases the prior close is the endpoint.,One company-quarter-metric event; threshold ladders and dual share classes are not independent observations.,"The edge is the implied metric distribution and its revision, not the binary answer. Threshold ladders such as Robinhood 4.2/4.4M or CrowdStrike 225/250M are especially valuable together.","Use one formula across companies: standardized implied surprise relative to a frozen consensus/guidance value, with no company-specific thresholds.","This market will resolve to ""Yes"" if Ferrari's total vehicle shipments (Shipments) for the first fiscal quarter of 2026, as reported in its official company earnings materials, is above the listed amount. Otherwise, this market will resolve to ""No"". The specified metric will be considered as reported in the company's official earnings materials. Subsequent revisions will not be considered. If Ferrari's official earnings...",2026-05-05T00:00:00Z,https://polymarket.com/event/ferrari-shipments-above-in-q1/ferrari-shipments-above-3400-in-q1,,https://gamma-api.polymarket.com/public-search?q=Ferrari+Shipments+above+3%2C400+in+Q1%3F
polymarket-treatment-audit-2026-07-13,Other,0xf9a0fc4be7786f56879fb6d67c6300935beb073544daff8be29fe2bd0bfe4ea8,GOOG,Google reports Gemini monthly active users above 800M in Q1?,Needs redesign,quarantine,High,company KPI threshold,threshold_distribution_vs_consensus,True,True,quarantined_until_transform_available,other,earnings-adjacent company KPI,Google reports Gemini monthly active users above 800M in Q1,YES bullish,0.9,Higher user adoption for a key AI product is bullish.,Do not make YES automatically bullish. It is bullish only when the threshold is meaningfully above the ex-ante consensus/guidance distribution; an already expected number can be neutral or sell-the-news.,"Combine all sibling thresholds into an implied CDF/expected metric and measure revisions versus consensus, guidance and prior-quarter seasonality.",Enter only when the probability-implied metric meaningfully differs from a timestamped external expectation and the discrepancy survives a pre-specified materiality rule.,Use the exact earnings-release timestamp. For after-close releases the same-day close may be eligible; for pre-open releases the prior close is the endpoint.,One company-quarter-metric event; threshold ladders and dual share classes are not independent observations.,"The edge is the implied metric distribution and its revision, not the binary answer. Threshold ladders such as Robinhood 4.2/4.4M or CrowdStrike 225/250M are especially valuable together.","Use one formula across companies: standardized implied surprise relative to a frozen consensus/guidance value, with no company-specific thresholds.","This market will resolve to ""Yes"" if Alphabet, in its official company earnings materials for the first fiscal quarter of 2026, reports that the Gemini App’s Monthly Active Users reached or exceeded the listed amount at any point. Otherwise, this market will resolve to ""No"". The specified metric will be considered as reported in the company’s official earnings materials. Subsequent revisions will not be considered. If the...",2026-04-29T00:00:00Z,https://polymarket.com/event/google-reports-gemini-monthly-active-users-above-in-q1/google-reports-gemini-monthly-active-users-above-800m-in-q1,,https://gamma-api.polymarket.com/public-search?q=Google+reports+Gemini+monthly+active+users+above+800M+in+Q1%3F
polymarket-treatment-audit-2026-07-13,Other,0xf9a0fc4be7786f56879fb6d67c6300935beb073544daff8be29fe2bd0bfe4ea8,GOOGL,Google reports Gemini monthly active users above 800M in Q1?,Needs redesign,quarantine,High,company KPI threshold,threshold_distribution_vs_consensus,True,True,quarantined_until_transform_available,other,earnings-adjacent company KPI,Google reports Gemini monthly active users above 800M in Q1,YES bullish,0.9,Higher user adoption for a key AI product is bullish.,Do not make YES automatically bullish. It is bullish only when the threshold is meaningfully above the ex-ante consensus/guidance distribution; an already expected number can be neutral or sell-the-news.,"Combine all sibling thresholds into an implied CDF/expected metric and measure revisions versus consensus, guidance and prior-quarter seasonality.",Enter only when the probability-implied metric meaningfully differs from a timestamped external expectation and the discrepancy survives a pre-specified materiality rule.,Use the exact earnings-release timestamp. For after-close releases the same-day close may be eligible; for pre-open releases the prior close is the endpoint.,One company-quarter-metric event; threshold ladders and dual share classes are not independent observations.,"The edge is the implied metric distribution and its revision, not the binary answer. Threshold ladders such as Robinhood 4.2/4.4M or CrowdStrike 225/250M are especially valuable together.","Use one formula across companies: standardized implied surprise relative to a frozen consensus/guidance value, with no company-specific thresholds.","This market will resolve to ""Yes"" if Alphabet, in its official company earnings materials for the first fiscal quarter of 2026, reports that the Gemini App’s Monthly Active Users reached or exceeded the listed amount at any point. Otherwise, this market will resolve to ""No"". The specified metric will be considered as reported in the company’s official earnings materials. Subsequent revisions will not be considered. If the...",2026-04-29T00:00:00Z,https://polymarket.com/event/google-reports-gemini-monthly-active-users-above-in-q1/google-reports-gemini-monthly-active-users-above-800m-in-q1,,https://gamma-api.polymarket.com/public-search?q=Google+reports+Gemini+monthly+active+users+above+800M+in+Q1%3F
polymarket-treatment-audit-2026-07-13,Other,0x85ceecf8f045a7535e26ad915a22e233e3fb4b3dd1b8dcdf0f48168ac07f2834,GOOGL,Will Alphabet (GOOGL) be the top performing Magnificent 7 company during the week of November 24?,Exclude from primary,exclude,Critical,endogenous relative-performance,excluded_endogenous_target,False,False,excluded,other,endogenous equity-return contract,Magnificent 7 performance week of 2025-11-24,YES bullish,1.0,Top performance is bullish for the symbol.,"Mechanically circular: YES is defined by the mapped stock's own relative return, so a bullish label is not independent evidence.",Do not use in an equity-return expectation test covering an overlapping performance window.,"Exclude from H1 and model selection. It may be studied separately as a prediction-market forecast of future relative returns with non-overlapping, strictly lagged windows.",The resolution window is the return target itself; it cannot serve as an external event endpoint.,"Remove the entire shared performance event, not just one outcome.",Possible separate forecasting study: does pre-week Polymarket rank predict next-week cross-sectional returns? That is not the present event study.,Universal target-overlap test comparing the market's resolution variable with the research outcome variable.,"This market will resolve to the Magnificent 7 company, which has the best stock performance during the week of November 24, measured as the percentage change in price during the specified week for each company’s stock. If a Magnificent 7 has multiple publicly-tradable stock classes or other equity assets, the stock price used for resolution of this market will be the stock class or share type corresponding to the ticker...",2025-12-01T00:00:00Z,https://polymarket.com/event/top-performing-magnificent-7-company-week-of-november-24/will-alphabet-googl-be-the-top-performing-magnificent-7-company-during-the-week-of-november-24,https://www.nasdaq.com/market-activity/quotes/historical,https://gamma-api.polymarket.com/public-search?q=Will+Alphabet+%28GOOGL%29+be+the+top+performing+Magnificent+7+company+during+the+week+of+November+24%3F
polymarket-treatment-audit-2026-07-13,Other,0x40ad0c9cb69a2da8c92e51735fefed5102a0d1ee5486abba7b66264f3eb3382a,TSLA,Will Tesla (TSLA) be the top performing Magnificent 7 company during the week of November 24?,Exclude from primary,exclude,Critical,endogenous relative-performance,excluded_endogenous_target,False,False,excluded,other,endogenous equity-return contract,Magnificent 7 performance week of 2025-11-24,YES bullish,1.0,Top performance is bullish for the symbol.,"Mechanically circular: YES is defined by the mapped stock's own relative return, so a bullish label is not independent evidence.",Do not use in an equity-return expectation test covering an overlapping performance window.,"Exclude from H1 and model selection. It may be studied separately as a prediction-market forecast of future relative returns with non-overlapping, strictly lagged windows.",The resolution window is the return target itself; it cannot serve as an external event endpoint.,"Remove the entire shared performance event, not just one outcome.",Possible separate forecasting study: does pre-week Polymarket rank predict next-week cross-sectional returns? That is not the present event study.,Universal target-overlap test comparing the market's resolution variable with the research outcome variable.,"This market will resolve to the Magnificent 7 company, which has the best stock performance during the week of November 24, measured as the percentage change in price during the specified week for each company’s stock. If a Magnificent 7 has multiple publicly-tradable stock classes or other equity assets, the stock price used for resolution of this market will be the stock class or share type corresponding to the ticker...",2025-12-01T00:00:00Z,https://polymarket.com/event/top-performing-magnificent-7-company-week-of-november-24/will-tesla-tsla-be-the-top-performing-magnificent-7-company-during-the-week-of-november-24,https://www.nasdaq.com/market-activity/quotes/historical,https://gamma-api.polymarket.com/public-search?q=Will+Tesla+%28TSLA%29+be+the+top+performing+Magnificent+7+company+during+the+week+of+November+24%3F
polymarket-treatment-audit-2026-07-13,Other,0x540309f7187d85c66422653604e31124747f3b228558c07f9b05badae7741914,BNO,Putin and Zelenskyy talk by August 22?,Secondary only,secondary,High,diplomatic process event,process_confirmation_only,False,False,secondary_confirmation_only,other,geopolitical process signal,Putin and Zelenskyy talk by August 22,NO bullish,0.95,Continued conflict maintains geopolitical risk premium for oil.,"A talk or meeting does not have a clean economic direction; it may precede agreement, failure or escalation. Default to NEITHER unless confirmed by substantive-event probabilities.","Use as an auxiliary feature for the latent de-escalation factor, not as a standalone directional trade.",No standalone entry. Require concurrent movement in a substantive ceasefire/agreement market under a pre-specified confirmation rule.,Exit at the last tradable close strictly before the earliest public outcome/announcement timestamp; never use a later nominal deadline after the event is known.,Nest process events inside the broader conflict episode.,The timing of direct-contact probability changes may improve the state estimate when combined with substantive markets.,Universal hierarchy: contact < announced framework < signed agreement < implemented ceasefire.,"This market will resolve to ""Yes"" if Vladimir Putin and Volodymyr Zelenskyy speak directly to one another between August 18 and August 22, 2025, 11:59 PM ET. Otherwise, this market will resolve to ""No"". Any conversation that occurs directly between Vladimir Putin and Volodymyr Zelenskyy will qualify, regardless of whether it is over the phone, via video call, or in person. The conversation must be voice-based, not...",2025-08-22T00:00:00Z,https://polymarket.com/event/putin-and-zelenskyy-talk-in-2025/putin-and-zelenskyy-talk-in-2025,,https://gamma-api.polymarket.com/public-search?q=Putin+and+Zelenskyy+talk+by+August+22%3F
polymarket-treatment-audit-2026-07-13,Other,0x540309f7187d85c66422653604e31124747f3b228558c07f9b05badae7741914,USO,Putin and Zelenskyy talk by August 22?,Secondary only,secondary,High,diplomatic process event,process_confirmation_only,False,False,secondary_confirmation_only,other,geopolitical process signal,Putin and Zelenskyy talk by August 22,NO bullish,0.95,Continued conflict maintains geopolitical risk premium for oil.,"A talk or meeting does not have a clean economic direction; it may precede agreement, failure or escalation. Default to NEITHER unless confirmed by substantive-event probabilities.","Use as an auxiliary feature for the latent de-escalation factor, not as a standalone directional trade.",No standalone entry. Require concurrent movement in a substantive ceasefire/agreement market under a pre-specified confirmation rule.,Exit at the last tradable close strictly before the earliest public outcome/announcement timestamp; never use a later nominal deadline after the event is known.,Nest process events inside the broader conflict episode.,The timing of direct-contact probability changes may improve the state estimate when combined with substantive markets.,Universal hierarchy: contact < announced framework < signed agreement < implemented ceasefire.,"This market will resolve to ""Yes"" if Vladimir Putin and Volodymyr Zelenskyy speak directly to one another between August 18 and August 22, 2025, 11:59 PM ET. Otherwise, this market will resolve to ""No"". Any conversation that occurs directly between Vladimir Putin and Volodymyr Zelenskyy will qualify, regardless of whether it is over the phone, via video call, or in person. The conversation must be voice-based, not...",2025-08-22T00:00:00Z,https://polymarket.com/event/putin-and-zelenskyy-talk-in-2025/putin-and-zelenskyy-talk-in-2025,,https://gamma-api.polymarket.com/public-search?q=Putin+and+Zelenskyy+talk+by+August+22%3F
polymarket-treatment-audit-2026-07-13,Other,0x3cf3a4f2bb9b4eaef58467da7217275e14da10bfeb8ce965cef15cf1a7e3eaf2,UNG,QatarEnergy resumes LNG production by March 14?,Mostly correct after controls,primary_controlled,Medium,operational resumption,duration_adjusted_probability_revision,False,False,primary_with_event_controls,other,commodity operational disruption,QatarEnergy resumes LNG production by March 14,NO bullish,0.9,Production resumption increases natural gas supply.,"Resumed LNG production increases supply and is directionally bearish natural gas, subject to outage scale and global-vs-US basis.","Use probability revision and expected outage duration, preferably with related deadline markets if available.",Require material capacity exposure and a minimum expected-duration change.,Exit at the last tradable close strictly before the earliest public outcome/announcement timestamp; never use a later nominal deadline after the event is known.,One facility/outage episode.,Estimate expected lost production days from deadline probabilities and translate that into a standardized supply shock.,One capacity-times-duration formula across outages.,"QatarEnergy, a Qatari state-owned petroleum company, announced on March 2 that it would halt production of liquefied natural gas (LNG) due to military strikes on its operating facilities (see: https://www.qatarenergy.qa/en/MediaCenter/Pages/newsdetails.aspx?ItemId=3892). This market will resolve to “Yes” if QatarEnergy resumes production of liquefied natural gas at QatarEnergy facilities in any capacity by March 14, 2026,...",2026-03-14T00:00:00Z,https://polymarket.com/event/qatarenergy-resumes-lng-production-by-march-14/qatarenergy-resumes-lng-production-by-march-14,https://www.qatarenergy.qa/en/MediaCenter/Pages/newsdetails.aspx?ItemId=3892,https://gamma-api.polymarket.com/public-search?q=QatarEnergy+resumes+LNG+production+by+March+14%3F
polymarket-treatment-audit-2026-07-13,Other,0xc0a1d806ee2c2758aa4ac687701c95da384f6929aab9cbded916bb5bf87ffff5,SPOT,Spotify Monthly Active Users above 750M in Q1?,Needs redesign,quarantine,High,company KPI threshold,threshold_distribution_vs_consensus,True,True,quarantined_until_transform_available,other,earnings-adjacent company KPI,Spotify Monthly Active Users above 750M in Q1,YES bullish,0.95,Higher MAU indicates strong user growth and engagement.,Do not make YES automatically bullish. It is bullish only when the threshold is meaningfully above the ex-ante consensus/guidance distribution; an already expected number can be neutral or sell-the-news.,"Combine all sibling thresholds into an implied CDF/expected metric and measure revisions versus consensus, guidance and prior-quarter seasonality.",Enter only when the probability-implied metric meaningfully differs from a timestamped external expectation and the discrepancy survives a pre-specified materiality rule.,Use the exact earnings-release timestamp. For after-close releases the same-day close may be eligible; for pre-open releases the prior close is the endpoint.,One company-quarter-metric event; threshold ladders and dual share classes are not independent observations.,"The edge is the implied metric distribution and its revision, not the binary answer. Threshold ladders such as Robinhood 4.2/4.4M or CrowdStrike 225/250M are especially valuable together.","Use one formula across companies: standardized implied surprise relative to a frozen consensus/guidance value, with no company-specific thresholds.","This market will resolve to “Yes” if Spotify’s total monthly active users for the first fiscal quarter of 2026, as reported in its official company earnings materials, is above the listed amount. Otherwise, this market will resolve to “No”. The specified metric will be considered as reported in the company’s official earnings materials. Subsequent revisions will not be considered. If the specified company’s official...",2026-04-28T00:00:00Z,https://polymarket.com/event/spotify-monthly-active-users-above-in-q1/spotify-monthly-active-users-above-750m-in-q1,,https://gamma-api.polymarket.com/public-search?q=Spotify+Monthly+Active+Users+above+750M+in+Q1%3F
polymarket-treatment-audit-2026-07-13,Other,0x55a5a4e039f293dc3366b9462ac33ef3138a62c00640cf638ab2a326bb959bb0,BNO,Successful Ukrainian counterattack in Donbass?,Secondary only,secondary,High,territorial military outcome,mechanism_conditioned_secondary_signal,False,False,secondary_confirmation_only,other,objective battlefield-state outcome,Successful Ukrainian counterattack in Donbass,NO bullish,0.9,Continued conflict maintains oil risk premium.,"The rules are geographically objective, but the commodity/equity sign of a local counterattack is not clean. Default to NEITHER as a standalone signal.",Use only as one input to a broader escalation factor and preserve the map-definition source.,No standalone trade without corroboration from broader conflict and supply-risk markets.,Exit at the last tradable close strictly before the earliest public outcome/announcement timestamp; never use a later nominal deadline after the event is known.,One conflict episode; local map outcomes are nested indicators.,Cross-market confirmation may detect changes in conflict momentum without hand-labeling individual locations.,Require objective resolution rules plus a pre-specified mechanism link.,"This market will resolve to “Yes” if, according to the ISW map, Ukraine captures the listed intersections in Vilne and Kucheriv Yar by August 22, 2025, at 11:59 PM ET. The intersections will be considered captured if any part of the intersections is shaded blue indicating a Claimed Ukrainian Counter Offensive/Reported Ukrainian Territorial Gains in the Past 24 Hours on the ISW map...",2025-08-22T00:00:00Z,https://polymarket.com/event/successful-ukraine-counter-attack-in-donbass/successful-ukraine-counter-attack-in-donbass,https://storymaps.arcgis.com/stories/36a7f6a6f5a9448496de641cf64bd375,https://gamma-api.polymarket.com/public-search?q=Successful+Ukrainian+counterattack+in+Donbass%3F
polymarket-treatment-audit-2026-07-13,Other,0x55a5a4e039f293dc3366b9462ac33ef3138a62c00640cf638ab2a326bb959bb0,USO,Successful Ukrainian counterattack in Donbass?,Secondary only,secondary,High,territorial military outcome,mechanism_conditioned_secondary_signal,False,False,secondary_confirmation_only,other,objective battlefield-state outcome,Successful Ukrainian counterattack in Donbass,NO bullish,0.9,Continued conflict maintains oil risk premium.,"The rules are geographically objective, but the commodity/equity sign of a local counterattack is not clean. Default to NEITHER as a standalone signal.",Use only as one input to a broader escalation factor and preserve the map-definition source.,No standalone trade without corroboration from broader conflict and supply-risk markets.,Exit at the last tradable close strictly before the earliest public outcome/announcement timestamp; never use a later nominal deadline after the event is known.,One conflict episode; local map outcomes are nested indicators.,Cross-market confirmation may detect changes in conflict momentum without hand-labeling individual locations.,Require objective resolution rules plus a pre-specified mechanism link.,"This market will resolve to “Yes” if, according to the ISW map, Ukraine captures the listed intersections in Vilne and Kucheriv Yar by August 22, 2025, at 11:59 PM ET. The intersections will be considered captured if any part of the intersections is shaded blue indicating a Claimed Ukrainian Counter Offensive/Reported Ukrainian Territorial Gains in the Past 24 Hours on the ISW map...",2025-08-22T00:00:00Z,https://polymarket.com/event/successful-ukraine-counter-attack-in-donbass/successful-ukraine-counter-attack-in-donbass,https://storymaps.arcgis.com/stories/36a7f6a6f5a9448496de641cf64bd375,https://gamma-api.polymarket.com/public-search?q=Successful+Ukrainian+counterattack+in+Donbass%3F
polymarket-treatment-audit-2026-07-13,Other,0x58196c2a2367727f8ab0badc6213677419f1f6a326b1f0b55dd41a47b6dc5c5d,BNO,Will Trump release a new Russia x Ukraine peace plan by December 31?,Partly correct,quarantine,High,policy/agreement deadline,deadline_hazard,False,True,quarantined_until_transform_available,other,policy/agreement catalyst,Trump Russia–Ukraine peace-plan release,NO bullish,0.9,Continued geopolitical tension supports oil prices.,Direction depends on the agreement's substantive terms and exposure. A released plan is weaker than formal acceptance or implementation.,"Model event stage and signed probability revision; do not equate announcement, agreement and implementation.",Require a minimum substantive stage and a rules-based exposure channel; process-only announcements receive lower weight or no trade.,Exit at the last tradable close strictly before the earliest public outcome/announcement timestamp; never use a later nominal deadline after the event is known.,Collapse overlapping deadlines and questions about the same policy process into one staged economic event.,"Use a state-transition model across plan, negotiation, agreement and implementation markets.",Predefine stage scores and exposure channels across all policy events.,"Amid rumors of a U.S.-drafted peace framework, a so-called 28-point proposal to end the war with Russia, Zelenskiy is scheduled to meet U.S. Army officials in Kyiv on November 20. More details can be found here: https://www.axios.com/2025/11/19/ukraine-peace-plan-trump-russia-witkoff. This market will resolve to ""Yes"" if the Trump Administration publicly releases a new framework to end the war between Ukraine and Russia by...",2025-11-30T00:00:00Z,https://polymarket.com/event/will-trump-release-a-new-russia-x-ukraine-peace-plan-by/will-trump-release-a-new-russia-x-ukraine-peace-plan-by-december-31-288,https://www.axios.com/2025/11/19/ukraine-peace-plan-trump-russia-witkoff,https://gamma-api.polymarket.com/public-search?q=Will+Trump+release+a+new+Russia+x+Ukraine+peace+plan+by+December+31%3F
polymarket-treatment-audit-2026-07-13,Other,0x58196c2a2367727f8ab0badc6213677419f1f6a326b1f0b55dd41a47b6dc5c5d,UNG,Will Trump release a new Russia x Ukraine peace plan by December 31?,Partly correct,quarantine,High,policy/agreement deadline,deadline_hazard,False,True,quarantined_until_transform_available,other,policy/agreement catalyst,Trump Russia–Ukraine peace-plan release,NO bullish,0.85,Continued geopolitical tension supports natural gas prices.,Direction depends on the agreement's substantive terms and exposure. A released plan is weaker than formal acceptance or implementation.,"Model event stage and signed probability revision; do not equate announcement, agreement and implementation.",Require a minimum substantive stage and a rules-based exposure channel; process-only announcements receive lower weight or no trade.,Exit at the last tradable close strictly before the earliest public outcome/announcement timestamp; never use a later nominal deadline after the event is known.,Collapse overlapping deadlines and questions about the same policy process into one staged economic event.,"Use a state-transition model across plan, negotiation, agreement and implementation markets.",Predefine stage scores and exposure channels across all policy events.,"Amid rumors of a U.S.-drafted peace framework, a so-called 28-point proposal to end the war with Russia, Zelenskiy is scheduled to meet U.S. Army officials in Kyiv on November 20. More details can be found here: https://www.axios.com/2025/11/19/ukraine-peace-plan-trump-russia-witkoff. This market will resolve to ""Yes"" if the Trump Administration publicly releases a new framework to end the war between Ukraine and Russia by...",2025-11-30T00:00:00Z,https://polymarket.com/event/will-trump-release-a-new-russia-x-ukraine-peace-plan-by/will-trump-release-a-new-russia-x-ukraine-peace-plan-by-december-31-288,https://www.axios.com/2025/11/19/ukraine-peace-plan-trump-russia-witkoff,https://gamma-api.polymarket.com/public-search?q=Will+Trump+release+a+new+Russia+x+Ukraine+peace+plan+by+December+31%3F
polymarket-treatment-audit-2026-07-13,Other,0x58196c2a2367727f8ab0badc6213677419f1f6a326b1f0b55dd41a47b6dc5c5d,USO,Will Trump release a new Russia x Ukraine peace plan by December 31?,Partly correct,quarantine,High,policy/agreement deadline,deadline_hazard,False,True,quarantined_until_transform_available,other,policy/agreement catalyst,Trump Russia–Ukraine peace-plan release,NO bullish,0.9,Continued geopolitical tension supports oil prices.,Direction depends on the agreement's substantive terms and exposure. A released plan is weaker than formal acceptance or implementation.,"Model event stage and signed probability revision; do not equate announcement, agreement and implementation.",Require a minimum substantive stage and a rules-based exposure channel; process-only announcements receive lower weight or no trade.,Exit at the last tradable close strictly before the earliest public outcome/announcement timestamp; never use a later nominal deadline after the event is known.,Collapse overlapping deadlines and questions about the same policy process into one staged economic event.,"Use a state-transition model across plan, negotiation, agreement and implementation markets.",Predefine stage scores and exposure channels across all policy events.,"Amid rumors of a U.S.-drafted peace framework, a so-called 28-point proposal to end the war with Russia, Zelenskiy is scheduled to meet U.S. Army officials in Kyiv on November 20. More details can be found here: https://www.axios.com/2025/11/19/ukraine-peace-plan-trump-russia-witkoff. This market will resolve to ""Yes"" if the Trump Administration publicly releases a new framework to end the war between Ukraine and Russia by...",2025-11-30T00:00:00Z,https://polymarket.com/event/will-trump-release-a-new-russia-x-ukraine-peace-plan-by/will-trump-release-a-new-russia-x-ukraine-peace-plan-by-december-31-288,https://www.axios.com/2025/11/19/ukraine-peace-plan-trump-russia-witkoff,https://gamma-api.polymarket.com/public-search?q=Will+Trump+release+a+new+Russia+x+Ukraine+peace+plan+by+December+31%3F
polymarket-treatment-audit-2026-07-13,Other,0x58196c2a2367727f8ab0badc6213677419f1f6a326b1f0b55dd41a47b6dc5c5d,WEAT,Will Trump release a new Russia x Ukraine peace plan by December 31?,Partly correct,quarantine,High,policy/agreement deadline,deadline_hazard,False,True,quarantined_until_transform_available,other,policy/agreement catalyst,Trump Russia–Ukraine peace-plan release,NO bullish,0.85,"Continued conflict disrupts Black Sea grain exports, supporting wheat prices.",Direction depends on the agreement's substantive terms and exposure. A released plan is weaker than formal acceptance or implementation.,"Model event stage and signed probability revision; do not equate announcement, agreement and implementation.",Require a minimum substantive stage and a rules-based exposure channel; process-only announcements receive lower weight or no trade.,Exit at the last tradable close strictly before the earliest public outcome/announcement timestamp; never use a later nominal deadline after the event is known.,Collapse overlapping deadlines and questions about the same policy process into one staged economic event.,"Use a state-transition model across plan, negotiation, agreement and implementation markets.",Predefine stage scores and exposure channels across all policy events.,"Amid rumors of a U.S.-drafted peace framework, a so-called 28-point proposal to end the war with Russia, Zelenskiy is scheduled to meet U.S. Army officials in Kyiv on November 20. More details can be found here: https://www.axios.com/2025/11/19/ukraine-peace-plan-trump-russia-witkoff. This market will resolve to ""Yes"" if the Trump Administration publicly releases a new framework to end the war between Ukraine and Russia by...",2025-11-30T00:00:00Z,https://polymarket.com/event/will-trump-release-a-new-russia-x-ukraine-peace-plan-by/will-trump-release-a-new-russia-x-ukraine-peace-plan-by-december-31-288,https://www.axios.com/2025/11/19/ukraine-peace-plan-trump-russia-witkoff,https://gamma-api.polymarket.com/public-search?q=Will+Trump+release+a+new+Russia+x+Ukraine+peace+plan+by+December+31%3F
polymarket-treatment-audit-2026-07-13,Other,0x42056c1d6c854f197ec937273e2e464b9f1f8e4dc2b22108b690e6a23497efa2,BNO,Will Trump release a new Russia x Ukraine peace plan by November 21?,Partly correct,quarantine,High,policy/agreement deadline,deadline_hazard,False,True,quarantined_until_transform_available,other,policy/agreement catalyst,Trump Russia–Ukraine peace-plan release,NO bullish,0.9,"No peace plan implies continued conflict, maintaining oil geopolitical risk premium.",Direction depends on the agreement's substantive terms and exposure. A released plan is weaker than formal acceptance or implementation.,"Model event stage and signed probability revision; do not equate announcement, agreement and implementation.",Require a minimum substantive stage and a rules-based exposure channel; process-only announcements receive lower weight or no trade.,Exit at the last tradable close strictly before the earliest public outcome/announcement timestamp; never use a later nominal deadline after the event is known.,Collapse overlapping deadlines and questions about the same policy process into one staged economic event.,"Use a state-transition model across plan, negotiation, agreement and implementation markets.",Predefine stage scores and exposure channels across all policy events.,"Amid rumors of a U.S.-drafted peace framework, a so-called 28-point proposal to end the war with Russia, Zelenskiy is scheduled to meet U.S. Army officials in Kyiv on November 20. More details can be found here: https://www.axios.com/2025/11/19/ukraine-peace-plan-trump-russia-witkoff. This market will resolve to ""Yes"" if the Trump Administration publicly releases a new framework to end the war between Ukraine and Russia by...",2025-11-30T00:00:00Z,https://polymarket.com/event/will-trump-release-a-new-russia-x-ukraine-peace-plan-by/will-trump-release-a-new-russia-x-ukraine-peace-plan-by-november-21,https://www.axios.com/2025/11/19/ukraine-peace-plan-trump-russia-witkoff,https://gamma-api.polymarket.com/public-search?q=Will+Trump+release+a+new+Russia+x+Ukraine+peace+plan+by+November+21%3F
polymarket-treatment-audit-2026-07-13,Other,0x42056c1d6c854f197ec937273e2e464b9f1f8e4dc2b22108b690e6a23497efa2,USO,Will Trump release a new Russia x Ukraine peace plan by November 21?,Partly correct,quarantine,High,policy/agreement deadline,deadline_hazard,False,True,quarantined_until_transform_available,other,policy/agreement catalyst,Trump Russia–Ukraine peace-plan release,NO bullish,0.9,"No peace plan implies continued conflict, maintaining oil geopolitical risk premium.",Direction depends on the agreement's substantive terms and exposure. A released plan is weaker than formal acceptance or implementation.,"Model event stage and signed probability revision; do not equate announcement, agreement and implementation.",Require a minimum substantive stage and a rules-based exposure channel; process-only announcements receive lower weight or no trade.,Exit at the last tradable close strictly before the earliest public outcome/announcement timestamp; never use a later nominal deadline after the event is known.,Collapse overlapping deadlines and questions about the same policy process into one staged economic event.,"Use a state-transition model across plan, negotiation, agreement and implementation markets.",Predefine stage scores and exposure channels across all policy events.,"Amid rumors of a U.S.-drafted peace framework, a so-called 28-point proposal to end the war with Russia, Zelenskiy is scheduled to meet U.S. Army officials in Kyiv on November 20. More details can be found here: https://www.axios.com/2025/11/19/ukraine-peace-plan-trump-russia-witkoff. This market will resolve to ""Yes"" if the Trump Administration publicly releases a new framework to end the war between Ukraine and Russia by...",2025-11-30T00:00:00Z,https://polymarket.com/event/will-trump-release-a-new-russia-x-ukraine-peace-plan-by/will-trump-release-a-new-russia-x-ukraine-peace-plan-by-november-21,https://www.axios.com/2025/11/19/ukraine-peace-plan-trump-russia-witkoff,https://gamma-api.polymarket.com/public-search?q=Will+Trump+release+a+new+Russia+x+Ukraine+peace+plan+by+November+21%3F
polymarket-treatment-audit-2026-07-13,Other,0x42056c1d6c854f197ec937273e2e464b9f1f8e4dc2b22108b690e6a23497efa2,WEAT,Will Trump release a new Russia x Ukraine peace plan by November 21?,Partly correct,quarantine,High,policy/agreement deadline,deadline_hazard,False,True,quarantined_until_transform_available,other,policy/agreement catalyst,Trump Russia–Ukraine peace-plan release,NO bullish,0.9,"No peace plan implies continued conflict, maintaining wheat supply concerns.",Direction depends on the agreement's substantive terms and exposure. A released plan is weaker than formal acceptance or implementation.,"Model event stage and signed probability revision; do not equate announcement, agreement and implementation.",Require a minimum substantive stage and a rules-based exposure channel; process-only announcements receive lower weight or no trade.,Exit at the last tradable close strictly before the earliest public outcome/announcement timestamp; never use a later nominal deadline after the event is known.,Collapse overlapping deadlines and questions about the same policy process into one staged economic event.,"Use a state-transition model across plan, negotiation, agreement and implementation markets.",Predefine stage scores and exposure channels across all policy events.,"Amid rumors of a U.S.-drafted peace framework, a so-called 28-point proposal to end the war with Russia, Zelenskiy is scheduled to meet U.S. Army officials in Kyiv on November 20. More details can be found here: https://www.axios.com/2025/11/19/ukraine-peace-plan-trump-russia-witkoff. This market will resolve to ""Yes"" if the Trump Administration publicly releases a new framework to end the war between Ukraine and Russia by...",2025-11-30T00:00:00Z,https://polymarket.com/event/will-trump-release-a-new-russia-x-ukraine-peace-plan-by/will-trump-release-a-new-russia-x-ukraine-peace-plan-by-november-21,https://www.axios.com/2025/11/19/ukraine-peace-plan-trump-russia-witkoff,https://gamma-api.polymarket.com/public-search?q=Will+Trump+release+a+new+Russia+x+Ukraine+peace+plan+by+November+21%3F
polymarket-treatment-audit-2026-07-13,Other,0x43e11860c7c7a8c229975f678c1cfa0ae9521540f613229e22e82ee16681ab40,AAPL,Trump trade deal before July?,Partly correct,quarantine,High,policy/agreement deadline,deadline_hazard,False,True,quarantined_until_transform_available,other,policy/agreement catalyst,Trump trade deal before July,YES bullish,0.9,Reduced trade tensions and tariffs benefit global supply chains.,Direction depends on the agreement's substantive terms and exposure. A released plan is weaker than formal acceptance or implementation.,"Model event stage and signed probability revision; do not equate announcement, agreement and implementation.",Require a minimum substantive stage and a rules-based exposure channel; process-only announcements receive lower weight or no trade.,Exit at the last tradable close strictly before the earliest public outcome/announcement timestamp; never use a later nominal deadline after the event is known.,Collapse overlapping deadlines and questions about the same policy process into one staged economic event.,"Use a state-transition model across plan, negotiation, agreement and implementation markets.",Predefine stage scores and exposure channels across all policy events.,"This market will resolve to ""Yes"" if an official agreement over trade and/or tariffs, defined as a publicly announced mutual agreement, is reached between the United States and another country, or a multi-country entity such as the European Union, between June 24 and June 30, 2025, 11:59 PM ET. Otherwise, this market will resolve to “No”. Only deals which are officially announced by both parties will qualify. Informal...",2025-06-30T22:00:00Z,https://polymarket.com/event/trump-trade-deal-before-july/trump-trade-deal-before-july,,https://gamma-api.polymarket.com/public-search?q=Trump+trade+deal+before+July%3F
polymarket-treatment-audit-2026-07-13,Other,0x43e11860c7c7a8c229975f678c1cfa0ae9521540f613229e22e82ee16681ab40,CAT,Trump trade deal before July?,Partly correct,quarantine,High,policy/agreement deadline,deadline_hazard,False,True,quarantined_until_transform_available,other,policy/agreement catalyst,Trump trade deal before July,YES bullish,0.9,Reduced trade barriers and improved global trade benefit industrial demand.,Direction depends on the agreement's substantive terms and exposure. A released plan is weaker than formal acceptance or implementation.,"Model event stage and signed probability revision; do not equate announcement, agreement and implementation.",Require a minimum substantive stage and a rules-based exposure channel; process-only announcements receive lower weight or no trade.,Exit at the last tradable close strictly before the earliest public outcome/announcement timestamp; never use a later nominal deadline after the event is known.,Collapse overlapping deadlines and questions about the same policy process into one staged economic event.,"Use a state-transition model across plan, negotiation, agreement and implementation markets.",Predefine stage scores and exposure channels across all policy events.,"This market will resolve to ""Yes"" if an official agreement over trade and/or tariffs, defined as a publicly announced mutual agreement, is reached between the United States and another country, or a multi-country entity such as the European Union, between June 24 and June 30, 2025, 11:59 PM ET. Otherwise, this market will resolve to “No”. Only deals which are officially announced by both parties will qualify. Informal...",2025-06-30T22:00:00Z,https://polymarket.com/event/trump-trade-deal-before-july/trump-trade-deal-before-july,,https://gamma-api.polymarket.com/public-search?q=Trump+trade+deal+before+July%3F
polymarket-treatment-audit-2026-07-13,Other,0x43e11860c7c7a8c229975f678c1cfa0ae9521540f613229e22e82ee16681ab40,QCOM,Trump trade deal before July?,Partly correct,quarantine,High,policy/agreement deadline,deadline_hazard,False,True,quarantined_until_transform_available,other,policy/agreement catalyst,Trump trade deal before July,YES bullish,0.9,Reduced trade tensions and tariffs benefit global semiconductor sales.,Direction depends on the agreement's substantive terms and exposure. A released plan is weaker than formal acceptance or implementation.,"Model event stage and signed probability revision; do not equate announcement, agreement and implementation.",Require a minimum substantive stage and a rules-based exposure channel; process-only announcements receive lower weight or no trade.,Exit at the last tradable close strictly before the earliest public outcome/announcement timestamp; never use a later nominal deadline after the event is known.,Collapse overlapping deadlines and questions about the same policy process into one staged economic event.,"Use a state-transition model across plan, negotiation, agreement and implementation markets.",Predefine stage scores and exposure channels across all policy events.,"This market will resolve to ""Yes"" if an official agreement over trade and/or tariffs, defined as a publicly announced mutual agreement, is reached between the United States and another country, or a multi-country entity such as the European Union, between June 24 and June 30, 2025, 11:59 PM ET. Otherwise, this market will resolve to “No”. Only deals which are officially announced by both parties will qualify. Informal...",2025-06-30T22:00:00Z,https://polymarket.com/event/trump-trade-deal-before-july/trump-trade-deal-before-july,,https://gamma-api.polymarket.com/public-search?q=Trump+trade+deal+before+July%3F
polymarket-treatment-audit-2026-07-13,Other,0xfadacc133ce62a342f5237b69c9fa861d11cf90633bf047384c4729635c440ba,USO,Trump x Khamenei talk before July?,Secondary only,secondary,High,diplomatic process event,process_confirmation_only,False,False,secondary_confirmation_only,other,geopolitical process signal,Trump x Khamenei talk before July,NO bullish,0.9,No talks implies continued geopolitical risk premium for oil.,"A talk or meeting does not have a clean economic direction; it may precede agreement, failure or escalation. Default to NEITHER unless confirmed by substantive-event probabilities.","Use as an auxiliary feature for the latent de-escalation factor, not as a standalone directional trade.",No standalone entry. Require concurrent movement in a substantive ceasefire/agreement market under a pre-specified confirmation rule.,Exit at the last tradable close strictly before the earliest public outcome/announcement timestamp; never use a later nominal deadline after the event is known.,Nest process events inside the broader conflict episode.,The timing of direct-contact probability changes may improve the state estimate when combined with substantive markets.,Universal hierarchy: contact < announced framework < signed agreement < implemented ceasefire.,"This market will resolve to ""Yes"" if Donald Trump and Ali Khamenei speak directly to one another between June 18, 11:00 AM ET, and June 30, 2025, 11:59 PM ET. Otherwise, this market will resolve to ""No"". Any conversation that occurs directly between Donald Trump and Ali Khamenei will qualify, regardless of whether it is over the phone, videocall, or in person. The conversation must be voice-based, not text-based. The...",2025-06-30T00:00:00Z,https://polymarket.com/event/trump-x-khamenei-talk-before-july/trump-x-khamenei-talk-before-july,,https://gamma-api.polymarket.com/public-search?q=Trump+x+Khamenei+talk+before+July%3F
polymarket-treatment-audit-2026-07-13,Other,0x05a504fd23b9f673aa2a96d51f12520d9acbe842a706d103483f1504c06d38fa,BNO,"Trump, Putin, and Zelensky meet by August 23?",Secondary only,secondary,High,diplomatic process event,process_confirmation_only,False,False,secondary_confirmation_only,other,geopolitical process signal,"Trump, Putin, and Zelensky meet by August 23",NO bullish,0.9,Lack of meeting implies continued geopolitical tension.,"A talk or meeting does not have a clean economic direction; it may precede agreement, failure or escalation. Default to NEITHER unless confirmed by substantive-event probabilities.","Use as an auxiliary feature for the latent de-escalation factor, not as a standalone directional trade.",No standalone entry. Require concurrent movement in a substantive ceasefire/agreement market under a pre-specified confirmation rule.,Exit at the last tradable close strictly before the earliest public outcome/announcement timestamp; never use a later nominal deadline after the event is known.,Nest process events inside the broader conflict episode.,The timing of direct-contact probability changes may improve the state estimate when combined with substantive markets.,Universal hierarchy: contact < announced framework < signed agreement < implemented ceasefire.,"This market will resolve to ""Yes"" if Vladimir Putin, Volodymyr Zelenskyy and Donald Trump all meet together between August 16 and August 23, 2025, 11:59 PM ET. Otherwise, this market will resolve to ""No"". A meeting is defined as any encounter where Putin, Zelenskyy and Trump are present and interact with each other in person. The resolution source will be a consensus of credible reporting.",2025-08-23T00:00:00Z,https://polymarket.com/event/trump-putin-and-zelensky-meet-by-august-23/trump-putin-and-zelensky-meet-by-august-23,,https://gamma-api.polymarket.com/public-search?q=Trump%2C+Putin%2C+and+Zelensky+meet+by+August+23%3F
polymarket-treatment-audit-2026-07-13,Other,0x05a504fd23b9f673aa2a96d51f12520d9acbe842a706d103483f1504c06d38fa,USO,"Trump, Putin, and Zelensky meet by August 23?",Secondary only,secondary,High,diplomatic process event,process_confirmation_only,False,False,secondary_confirmation_only,other,geopolitical process signal,"Trump, Putin, and Zelensky meet by August 23",NO bullish,0.9,Lack of meeting implies continued geopolitical tension.,"A talk or meeting does not have a clean economic direction; it may precede agreement, failure or escalation. Default to NEITHER unless confirmed by substantive-event probabilities.","Use as an auxiliary feature for the latent de-escalation factor, not as a standalone directional trade.",No standalone entry. Require concurrent movement in a substantive ceasefire/agreement market under a pre-specified confirmation rule.,Exit at the last tradable close strictly before the earliest public outcome/announcement timestamp; never use a later nominal deadline after the event is known.,Nest process events inside the broader conflict episode.,The timing of direct-contact probability changes may improve the state estimate when combined with substantive markets.,Universal hierarchy: contact < announced framework < signed agreement < implemented ceasefire.,"This market will resolve to ""Yes"" if Vladimir Putin, Volodymyr Zelenskyy and Donald Trump all meet together between August 16 and August 23, 2025, 11:59 PM ET. Otherwise, this market will resolve to ""No"". A meeting is defined as any encounter where Putin, Zelenskyy and Trump are present and interact with each other in person. The resolution source will be a consensus of credible reporting.",2025-08-23T00:00:00Z,https://polymarket.com/event/trump-putin-and-zelensky-meet-by-august-23/trump-putin-and-zelensky-meet-by-august-23,,https://gamma-api.polymarket.com/public-search?q=Trump%2C+Putin%2C+and+Zelensky+meet+by+August+23%3F
polymarket-treatment-audit-2026-07-13,Other,0x6669e7cda4b55ac014d5a9b3415ef724a818b4bcd6b2863f949df356ade34c22,MP,Ukraine agrees to Trump mineral deal by Friday?,Partly correct,quarantine,High,policy/agreement deadline,deadline_hazard,False,True,quarantined_until_transform_available,other,policy/agreement catalyst,Ukraine agrees to Trump mineral deal by Friday,YES bullish,0.9,Mineral deal implies increased demand/focus on rare earth materials.,Direction depends on the agreement's substantive terms and exposure. A released plan is weaker than formal acceptance or implementation.,"Model event stage and signed probability revision; do not equate announcement, agreement and implementation.",Require a minimum substantive stage and a rules-based exposure channel; process-only announcements receive lower weight or no trade.,Exit at the last tradable close strictly before the earliest public outcome/announcement timestamp; never use a later nominal deadline after the event is known.,Collapse overlapping deadlines and questions about the same policy process into one staged economic event.,"Use a state-transition model across plan, negotiation, agreement and implementation markets.",Predefine stage scores and exposure channels across all policy events.,"This market will resolve to ""Yes"" if the United States and Ukraine agree to any deal between February 25 and February 28, 2025, 11:59 PM ET, that explicitly involves Ukrainian rare earth elements or minerals. Otherwise this market will resolve to ""No"". This includes, but is not limited to, agreements related to the exchange of Ukrainian rare earths for U.S. aid (military or civilian), partnerships involving rare earth...",2025-02-28T12:00:00Z,https://polymarket.com/event/ukraine-agrees-to-trump-mineral-deal-by-friday/ukraine-agrees-to-trump-mineral-deal-by-friday,,https://gamma-api.polymarket.com/public-search?q=Ukraine+agrees+to+Trump+mineral+deal+by+Friday%3F
polymarket-treatment-audit-2026-07-13,Other,0x2f676f8d85d60dd20ce0e0ba14608825b970a0491b419d7dedfa81bcf646af2b,BNO,Ukraine agrees to US-approved peace plan by Thursday?,Partly correct,quarantine,High,policy/agreement deadline,deadline_hazard,False,True,quarantined_until_transform_available,other,policy/agreement catalyst,Ukraine agrees to US-approved peace plan by Thursday,NO bullish,0.9,Continued conflict maintains oil risk premium.,Direction depends on the agreement's substantive terms and exposure. A released plan is weaker than formal acceptance or implementation.,"Model event stage and signed probability revision; do not equate announcement, agreement and implementation.",Require a minimum substantive stage and a rules-based exposure channel; process-only announcements receive lower weight or no trade.,Exit at the last tradable close strictly before the earliest public outcome/announcement timestamp; never use a later nominal deadline after the event is known.,Collapse overlapping deadlines and questions about the same policy process into one staged economic event.,"Use a state-transition model across plan, negotiation, agreement and implementation markets.",Predefine stage scores and exposure channels across all policy events.,"This market will resolve to “Yes” if the Government of Ukraine publicly agrees to a U.S.-approved peace framework for the Russo–Ukrainian war, by November 27, 2025, 11:59 PM ET. Otherwise, this market will resolve to “No”. To qualify, the agreement must be explicitly described as Ukraine’s formal acceptance of either (1) the U.S. 28-point peace plan, or (2) a revised or alternative peace framework that the United States...",2025-11-27T00:00:00Z,https://polymarket.com/event/ukraine-agrees-to-us-approved-peace-plan-by-thursday/ukraine-agrees-to-us-approved-peace-plan-by-thursday,,https://gamma-api.polymarket.com/public-search?q=Ukraine+agrees+to+US-approved+peace+plan+by+Thursday%3F
polymarket-treatment-audit-2026-07-13,Other,0x2f676f8d85d60dd20ce0e0ba14608825b970a0491b419d7dedfa81bcf646af2b,USO,Ukraine agrees to US-approved peace plan by Thursday?,Partly correct,quarantine,High,policy/agreement deadline,deadline_hazard,False,True,quarantined_until_transform_available,other,policy/agreement catalyst,Ukraine agrees to US-approved peace plan by Thursday,NO bullish,0.9,Continued conflict maintains oil risk premium.,Direction depends on the agreement's substantive terms and exposure. A released plan is weaker than formal acceptance or implementation.,"Model event stage and signed probability revision; do not equate announcement, agreement and implementation.",Require a minimum substantive stage and a rules-based exposure channel; process-only announcements receive lower weight or no trade.,Exit at the last tradable close strictly before the earliest public outcome/announcement timestamp; never use a later nominal deadline after the event is known.,Collapse overlapping deadlines and questions about the same policy process into one staged economic event.,"Use a state-transition model across plan, negotiation, agreement and implementation markets.",Predefine stage scores and exposure channels across all policy events.,"This market will resolve to “Yes” if the Government of Ukraine publicly agrees to a U.S.-approved peace framework for the Russo–Ukrainian war, by November 27, 2025, 11:59 PM ET. Otherwise, this market will resolve to “No”. To qualify, the agreement must be explicitly described as Ukraine’s formal acceptance of either (1) the U.S. 28-point peace plan, or (2) a revised or alternative peace framework that the United States...",2025-11-27T00:00:00Z,https://polymarket.com/event/ukraine-agrees-to-us-approved-peace-plan-by-thursday/ukraine-agrees-to-us-approved-peace-plan-by-thursday,,https://gamma-api.polymarket.com/public-search?q=Ukraine+agrees+to+US-approved+peace+plan+by+Thursday%3F
polymarket-treatment-audit-2026-07-13,Other,0x2f676f8d85d60dd20ce0e0ba14608825b970a0491b419d7dedfa81bcf646af2b,WEAT,Ukraine agrees to US-approved peace plan by Thursday?,Partly correct,quarantine,High,policy/agreement deadline,deadline_hazard,False,True,quarantined_until_transform_available,other,policy/agreement catalyst,Ukraine agrees to US-approved peace plan by Thursday,NO bullish,0.9,"NO means continued conflict, disrupting Ukrainian wheat exports and supporting prices.",Direction depends on the agreement's substantive terms and exposure. A released plan is weaker than formal acceptance or implementation.,"Model event stage and signed probability revision; do not equate announcement, agreement and implementation.",Require a minimum substantive stage and a rules-based exposure channel; process-only announcements receive lower weight or no trade.,Exit at the last tradable close strictly before the earliest public outcome/announcement timestamp; never use a later nominal deadline after the event is known.,Collapse overlapping deadlines and questions about the same policy process into one staged economic event.,"Use a state-transition model across plan, negotiation, agreement and implementation markets.",Predefine stage scores and exposure channels across all policy events.,"This market will resolve to “Yes” if the Government of Ukraine publicly agrees to a U.S.-approved peace framework for the Russo–Ukrainian war, by November 27, 2025, 11:59 PM ET. Otherwise, this market will resolve to “No”. To qualify, the agreement must be explicitly described as Ukraine’s formal acceptance of either (1) the U.S. 28-point peace plan, or (2) a revised or alternative peace framework that the United States...",2025-11-27T00:00:00Z,https://polymarket.com/event/ukraine-agrees-to-us-approved-peace-plan-by-thursday/ukraine-agrees-to-us-approved-peace-plan-by-thursday,,https://gamma-api.polymarket.com/public-search?q=Ukraine+agrees+to+US-approved+peace+plan+by+Thursday%3F
polymarket-treatment-audit-2026-07-13,Other,0x393597a940aa5faab1d55288fe2201560a46bc221ed714ba0cf866b680d764ae,AAPL,Will Apple announce the iPhone 17e by March 15?,Needs redesign,quarantine,Critical,product announcement bundle,probability_weighted_product_bundle,True,True,quarantined_until_transform_available,other,scheduled product-announcement bundle,Will Apple announce the iPhone 17e by March 15,YES bullish,0.9,New product announcement drives sales and investor interest.,"Announcement YES is not automatically bullish; expected products can be priced in, while unexpected mix, price or timing drives the surprise.","Use the vector of sibling product probabilities to infer the expected launch bundle and its revisions, not independent binary trades.",Trigger only on a material change in expected product mix versus a frozen external consensus; avoid single-product YES/NO polarity.,End before the scheduled event starts. Same-day closing prices after an intraday launch are post-event and invalid for H1.,One Apple launch event across all products.,"Measure novelty: probability-weighted product bundle, expected number of launches and disagreement across sibling markets.",One bundle-construction method for every multi-product event; no product-specific return rules.,"This market will resolve to ""Yes"" if Apple announces it has or will release the iPhone 17e by March 15, 2026, 11:59 PM ET. Otherwise, this market will resolve to ""No"". A qualifying product must be named ""iPhone 17e"". A new iPhone 17 product released without the listed letter, under a designation other than iPhone 17e, will not qualify. This market will resolve immediately upon announcements from Apple, regardless of...",2026-02-28T00:00:00Z,https://polymarket.com/event/will-apple-announce-the-iphone-17e-by-february-28/will-apple-announce-the-iphone-17e-by-march-15,,https://gamma-api.polymarket.com/public-search?q=Will+Apple+announce+the+iPhone+17e+by+March+15%3F
polymarket-treatment-audit-2026-07-13,Other,0xea5708dcf8b732377c68314a8c4c9084b64282a85b754428e58e2a700d104110,CSCO,Will Cisco's AI orders taken from hyperscalers be at least $1.0B in Q3?,Needs redesign,quarantine,High,company KPI threshold,threshold_distribution_vs_consensus,True,True,quarantined_until_transform_available,other,earnings-adjacent company KPI,Will Cisco's AI orders taken from hyperscalers be at least $1.0B in Q3,YES bullish,0.9,Strong AI orders from hyperscalers indicate growth in a key market.,Do not make YES automatically bullish. It is bullish only when the threshold is meaningfully above the ex-ante consensus/guidance distribution; an already expected number can be neutral or sell-the-news.,"Combine all sibling thresholds into an implied CDF/expected metric and measure revisions versus consensus, guidance and prior-quarter seasonality.",Enter only when the probability-implied metric meaningfully differs from a timestamped external expectation and the discrepancy survives a pre-specified materiality rule.,Use the exact earnings-release timestamp. For after-close releases the same-day close may be eligible; for pre-open releases the prior close is the endpoint.,One company-quarter-metric event; threshold ladders and dual share classes are not independent observations.,"The edge is the implied metric distribution and its revision, not the binary answer. Threshold ladders such as Robinhood 4.2/4.4M or CrowdStrike 225/250M are especially valuable together.","Use one formula across companies: standardized implied surprise relative to a frozen consensus/guidance value, with no company-specific thresholds.","This market will resolve to “Yes” if Cisco's AI Infrastructure orders taken from hyperscalers in the third fiscal quarter of 2026, as reported in its official company earnings materials, is greater than or equal to the listed amount. Otherwise, this market will resolve to “No”. The specified metric will be considered as reported in the company’s official earnings materials. Subsequent revisions will not be considered. If...",2026-05-13T00:00:00Z,https://polymarket.com/event/will-ciscos-ai-orders-taken-from-hyperscalers-be-at-least-in-q3/will-ciscos-ai-orders-taken-from-hyperscalers-be-at-least-1pt0b-in-q3,,https://gamma-api.polymarket.com/public-search?q=Will+Cisco%27s+AI+orders+taken+from+hyperscalers+be+at+least+%241.0B+in+Q3%3F
polymarket-treatment-audit-2026-07-13,Other,0x1a555bc29e200938c9b9cb08a594b95faa616220ed031c13b97f6bef0807d331,TSLA,Will Elon Musk’s $1T Tesla pay deal pass?,Secondary only,secondary,High,corporate-governance vote,mechanism_conditioned_probability_revision,False,False,secondary_confirmation_only,other,corporate-governance catalyst,Will Elon Musk’s $1T Tesla pay deal pass,YES bullish,0.9,Musk's pay deal passing is positive for leadership stability,No universally clean bullish side: approval may preserve leadership incentives but also increase dilution and governance costs. Default to NEITHER without an ex-ante valuation channel.,"Treat as a governance-state probability, not an automatic directional signal.",Only under a pre-specified governance valuation model; otherwise exclude from directional H1.,Exit at the last tradable close strictly before the earliest public outcome/announcement timestamp; never use a later nominal deadline after the event is known.,One shareholder-vote event.,Potentially combine probability with independently measured dilution and compensation-plan terms.,Require a signed cash-flow/dilution mechanism before polarity assignment.,"This market refers to the shareholder vote on Elon Musk’s proposed $1 trillion Tesla pay package scheduled for November 6, 2025. This market will resolve to “Yes” if Tesla shareholders approve a compensation plan for Elon Musk that is substantially the same as the proposed $1 trillion plan, meaning a performance-based pay structure of comparable scale and scope, designed to grant equity awards worth roughly $1 trillion at...",2025-11-06T00:00:00Z,https://polymarket.com/event/will-elon-musks-1t-tesla-pay-deal-pass/will-elon-musks-1t-tesla-pay-deal-pass,,https://gamma-api.polymarket.com/public-search?q=Will+Elon+Musk%E2%80%99s+%241T+Tesla+pay+deal+pass%3F
polymarket-treatment-audit-2026-07-13,Other,0x4f406f6b9b90f898fde116320301e4508834d99f6360f5119a4f5c77ce88a7d0,KEYS,Will Keysight's Q2 orders be above $1.65B?,Needs redesign,quarantine,High,company KPI threshold,threshold_distribution_vs_consensus,True,True,quarantined_until_transform_available,other,earnings-adjacent company KPI,Will Keysight's Q2 orders be above $1.65B,YES bullish,0.95,Higher orders indicate strong demand and future revenue for Keysight.,Do not make YES automatically bullish. It is bullish only when the threshold is meaningfully above the ex-ante consensus/guidance distribution; an already expected number can be neutral or sell-the-news.,"Combine all sibling thresholds into an implied CDF/expected metric and measure revisions versus consensus, guidance and prior-quarter seasonality.",Enter only when the probability-implied metric meaningfully differs from a timestamped external expectation and the discrepancy survives a pre-specified materiality rule.,Use the exact earnings-release timestamp. For after-close releases the same-day close may be eligible; for pre-open releases the prior close is the endpoint.,One company-quarter-metric event; threshold ladders and dual share classes are not independent observations.,"The edge is the implied metric distribution and its revision, not the binary answer. Threshold ladders such as Robinhood 4.2/4.4M or CrowdStrike 225/250M are especially valuable together.","Use one formula across companies: standardized implied surprise relative to a frozen consensus/guidance value, with no company-specific thresholds.","This market will resolve to ""Yes"" if Keysight Technologies' orders for the second fiscal quarter of 2026, as reported in its official company earnings materials, is above the listed amount. Otherwise, this market will resolve to ""No"". The specified metric will be considered as reported in the company's official earnings materials. Subsequent revisions will not be considered. If the specified company's official earnings...",2026-05-19T16:00:00Z,https://polymarket.com/event/will-keysights-q2-orders-be-above/will-keysights-q2-orders-be-above-1pt65b,,https://gamma-api.polymarket.com/public-search?q=Will+Keysight%27s+Q2+orders+be+above+%241.65B%3F
polymarket-treatment-audit-2026-07-13,Other,0xe072b363560c90d08a0b4508a4d2b41c449912af7754959e1d601fa0d51551a8,NVDA,Will NVIDIA (NVDA) be the top performing Magnificent 7 company during the week of February 23?,Exclude from primary,exclude,Critical,endogenous relative-performance,excluded_endogenous_target,False,False,excluded,other,endogenous equity-return contract,Will NVIDIA (NVDA) be the top performing Magnificent 7 company during the week of February 23,YES bullish,0.95,NVDA being the top performer is bullish for NVDA.,"Mechanically circular: YES is defined by the mapped stock's own relative return, so a bullish label is not independent evidence.",Do not use in an equity-return expectation test covering an overlapping performance window.,"Exclude from H1 and model selection. It may be studied separately as a prediction-market forecast of future relative returns with non-overlapping, strictly lagged windows.",The resolution window is the return target itself; it cannot serve as an external event endpoint.,"Remove the entire shared performance event, not just one outcome.",Possible separate forecasting study: does pre-week Polymarket rank predict next-week cross-sectional returns? That is not the present event study.,Universal target-overlap test comparing the market's resolution variable with the research outcome variable.,"This market will resolve according to the Magnificent 7 company which has the best stock performance during the week beginning February 23, 2026, measured as the percentage change in price during the specified week for each company’s stock. If a Magnificent 7 company has multiple publicly-tradable stock classes or other equity assets, the stock price used for resolution of this market will be the stock class or share type...",2026-02-27T00:00:00Z,https://polymarket.com/event/top-performing-magnificent-7-company-week-of-february-23/will-nvidia-nvda-be-the-top-performing-magnificent-7-company-during-the-week-of-february-23,https://www.nasdaq.com/market-activity/quotes/historical,https://gamma-api.polymarket.com/public-search?q=Will+NVIDIA+%28NVDA%29+be+the+top+performing+Magnificent+7+company+during+the+week+of+February+23%3F
polymarket-treatment-audit-2026-07-13,Other,0xc2cc475142c25f842fdc17ed3f617632d7e639f61dcb94888d22b2e3636ecce1,BNO,Will Putin meet with Zelenskyy by Friday?,Secondary only,secondary,High,diplomatic process event,process_confirmation_only,False,False,secondary_confirmation_only,other,geopolitical process signal,Will Putin meet with Zelenskyy by Friday,NO bullish,0.85,Continued geopolitical tension maintains oil risk premium.,"A talk or meeting does not have a clean economic direction; it may precede agreement, failure or escalation. Default to NEITHER unless confirmed by substantive-event probabilities.","Use as an auxiliary feature for the latent de-escalation factor, not as a standalone directional trade.",No standalone entry. Require concurrent movement in a substantive ceasefire/agreement market under a pre-specified confirmation rule.,Exit at the last tradable close strictly before the earliest public outcome/announcement timestamp; never use a later nominal deadline after the event is known.,Nest process events inside the broader conflict episode.,The timing of direct-contact probability changes may improve the state estimate when combined with substantive markets.,Universal hierarchy: contact < announced framework < signed agreement < implemented ceasefire.,"This market will resolve to ""Yes"" if Vladimir Putin meets with Volodymyr Zelenskyy between May 12 ET, and May 16, 2025, 11:59 PM ET. Otherwise, this market will resolve to ""No"". An exchange of words, handshake, direct conversation, or other clear personal interaction between the named individuals will qualify as a meeting. Merely standing in proximity, making eye contact, or being present in the same room or event without...",2025-05-16T12:00:00Z,https://polymarket.com/event/will-putin-meet-with-zelenskyy-by-friday/will-putin-meet-with-zelenskyy-by-friday,,https://gamma-api.polymarket.com/public-search?q=Will+Putin+meet+with+Zelenskyy+by+Friday%3F
polymarket-treatment-audit-2026-07-13,Other,0xc2cc475142c25f842fdc17ed3f617632d7e639f61dcb94888d22b2e3636ecce1,UNG,Will Putin meet with Zelenskyy by Friday?,Secondary only,secondary,High,diplomatic process event,process_confirmation_only,False,False,secondary_confirmation_only,other,geopolitical process signal,Will Putin meet with Zelenskyy by Friday,NO bullish,0.9,Continued geopolitical tension supports natural gas prices.,"A talk or meeting does not have a clean economic direction; it may precede agreement, failure or escalation. Default to NEITHER unless confirmed by substantive-event probabilities.","Use as an auxiliary feature for the latent de-escalation factor, not as a standalone directional trade.",No standalone entry. Require concurrent movement in a substantive ceasefire/agreement market under a pre-specified confirmation rule.,Exit at the last tradable close strictly before the earliest public outcome/announcement timestamp; never use a later nominal deadline after the event is known.,Nest process events inside the broader conflict episode.,The timing of direct-contact probability changes may improve the state estimate when combined with substantive markets.,Universal hierarchy: contact < announced framework < signed agreement < implemented ceasefire.,"This market will resolve to ""Yes"" if Vladimir Putin meets with Volodymyr Zelenskyy between May 12 ET, and May 16, 2025, 11:59 PM ET. Otherwise, this market will resolve to ""No"". An exchange of words, handshake, direct conversation, or other clear personal interaction between the named individuals will qualify as a meeting. Merely standing in proximity, making eye contact, or being present in the same room or event without...",2025-05-16T12:00:00Z,https://polymarket.com/event/will-putin-meet-with-zelenskyy-by-friday/will-putin-meet-with-zelenskyy-by-friday,,https://gamma-api.polymarket.com/public-search?q=Will+Putin+meet+with+Zelenskyy+by+Friday%3F
polymarket-treatment-audit-2026-07-13,Other,0xc2cc475142c25f842fdc17ed3f617632d7e639f61dcb94888d22b2e3636ecce1,USO,Will Putin meet with Zelenskyy by Friday?,Secondary only,secondary,High,diplomatic process event,process_confirmation_only,False,False,secondary_confirmation_only,other,geopolitical process signal,Will Putin meet with Zelenskyy by Friday,NO bullish,0.85,Continued geopolitical tension maintains oil risk premium.,"A talk or meeting does not have a clean economic direction; it may precede agreement, failure or escalation. Default to NEITHER unless confirmed by substantive-event probabilities.","Use as an auxiliary feature for the latent de-escalation factor, not as a standalone directional trade.",No standalone entry. Require concurrent movement in a substantive ceasefire/agreement market under a pre-specified confirmation rule.,Exit at the last tradable close strictly before the earliest public outcome/announcement timestamp; never use a later nominal deadline after the event is known.,Nest process events inside the broader conflict episode.,The timing of direct-contact probability changes may improve the state estimate when combined with substantive markets.,Universal hierarchy: contact < announced framework < signed agreement < implemented ceasefire.,"This market will resolve to ""Yes"" if Vladimir Putin meets with Volodymyr Zelenskyy between May 12 ET, and May 16, 2025, 11:59 PM ET. Otherwise, this market will resolve to ""No"". An exchange of words, handshake, direct conversation, or other clear personal interaction between the named individuals will qualify as a meeting. Merely standing in proximity, making eye contact, or being present in the same room or event without...",2025-05-16T12:00:00Z,https://polymarket.com/event/will-putin-meet-with-zelenskyy-by-friday/will-putin-meet-with-zelenskyy-by-friday,,https://gamma-api.polymarket.com/public-search?q=Will+Putin+meet+with+Zelenskyy+by+Friday%3F
polymarket-treatment-audit-2026-07-13,Other,0x36e2abb7667fa7ccaad38a75db7473edcead6d4b454c0f85ed63305340195ea0,TTWO,Will Take-Two Q4 net bookings be above $1.50B?,Needs redesign,quarantine,High,company KPI threshold,threshold_distribution_vs_consensus,True,True,quarantined_until_transform_available,other,earnings-adjacent company KPI,Will Take-Two Q4 net bookings be above $1.50B,YES bullish,0.9,Higher bookings indicate strong sales.,Do not make YES automatically bullish. It is bullish only when the threshold is meaningfully above the ex-ante consensus/guidance distribution; an already expected number can be neutral or sell-the-news.,"Combine all sibling thresholds into an implied CDF/expected metric and measure revisions versus consensus, guidance and prior-quarter seasonality.",Enter only when the probability-implied metric meaningfully differs from a timestamped external expectation and the discrepancy survives a pre-specified materiality rule.,Use the exact earnings-release timestamp. For after-close releases the same-day close may be eligible; for pre-open releases the prior close is the endpoint.,One company-quarter-metric event; threshold ladders and dual share classes are not independent observations.,"The edge is the implied metric distribution and its revision, not the binary answer. Threshold ladders such as Robinhood 4.2/4.4M or CrowdStrike 225/250M are especially valuable together.","Use one formula across companies: standardized implied surprise relative to a frozen consensus/guidance value, with no company-specific thresholds.","This market will resolve to ""Yes"" if Take-Two's net bookings for the fourth fiscal quarter of 2026, as reported in its official company earnings materials, is above the listed amount. Otherwise, this market will resolve to ""No"". The specified metric will be considered as reported in the company's official earnings materials. Subsequent revisions will not be considered. If the specified company's official earnings materials...",2026-05-21T16:00:00Z,https://polymarket.com/event/will-take-two-q4-net-bookings-be-above/will-take-two-q4-net-bookings-be-above-1pt50b,,https://gamma-api.polymarket.com/public-search?q=Will+Take-Two+Q4+net+bookings+be+above+%241.50B%3F
polymarket-treatment-audit-2026-07-13,Other,0xfa08848205da5717b79e5bc21e7dbd31264fb01acc98bd1436b95870e8fec409,USO,Will Trump agree to withdraw troops from the Iranian region by June 30?,Partly correct,quarantine,High,policy/agreement deadline,deadline_hazard,False,True,quarantined_until_transform_available,other,policy/agreement catalyst,Will Trump agree to withdraw troops from the Iranian region by June 30,NO bullish,0.95,"Troop withdrawal reduces Middle East tensions, lowering oil risk.",Direction depends on the agreement's substantive terms and exposure. A released plan is weaker than formal acceptance or implementation.,"Model event stage and signed probability revision; do not equate announcement, agreement and implementation.",Require a minimum substantive stage and a rules-based exposure channel; process-only announcements receive lower weight or no trade.,Exit at the last tradable close strictly before the earliest public outcome/announcement timestamp; never use a later nominal deadline after the event is known.,Collapse overlapping deadlines and questions about the same policy process into one staged economic event.,"Use a state-transition model across plan, negotiation, agreement and implementation markets.",Predefine stage scores and exposure channels across all policy events.,"This market will resolve to “Yes” if the United States agrees to withdraw troops from the region surrounding Iran by May June 30, 2026, 11:59 PM ET. Otherwise, this market will resolve to “No.” The withdrawal of US troops from the region surrounding Iran refers to any official U.S. or U.S. military initiative or commitment to materially reduce the total number of U.S. military personnel stationed or deployed in the Middle...",2026-06-30T00:00:00Z,https://polymarket.com/event/what-iranian-demands-will-trump-agree-to-by-june-30/will-trump-agree-to-withdraw-troops-from-the-iranian-region-by-june-30,,https://gamma-api.polymarket.com/public-search?q=Will+Trump+agree+to+withdraw+troops+from+the+Iranian+region+by+June+30%3F
polymarket-treatment-audit-2026-07-13,Other,0xfa08848205da5717b79e5bc21e7dbd31264fb01acc98bd1436b95870e8fec409,XLE,Will Trump agree to withdraw troops from the Iranian region by June 30?,Partly correct,quarantine,High,policy/agreement deadline,deadline_hazard,False,True,quarantined_until_transform_available,other,policy/agreement catalyst,Will Trump agree to withdraw troops from the Iranian region by June 30,NO bullish,0.95,"Troop withdrawal reduces Middle East tensions, lowering oil prices, bearish for energy sector.",Direction depends on the agreement's substantive terms and exposure. A released plan is weaker than formal acceptance or implementation.,"Model event stage and signed probability revision; do not equate announcement, agreement and implementation.",Require a minimum substantive stage and a rules-based exposure channel; process-only announcements receive lower weight or no trade.,Exit at the last tradable close strictly before the earliest public outcome/announcement timestamp; never use a later nominal deadline after the event is known.,Collapse overlapping deadlines and questions about the same policy process into one staged economic event.,"Use a state-transition model across plan, negotiation, agreement and implementation markets.",Predefine stage scores and exposure channels across all policy events.,"This market will resolve to “Yes” if the United States agrees to withdraw troops from the region surrounding Iran by May June 30, 2026, 11:59 PM ET. Otherwise, this market will resolve to “No.” The withdrawal of US troops from the region surrounding Iran refers to any official U.S. or U.S. military initiative or commitment to materially reduce the total number of U.S. military personnel stationed or deployed in the Middle...",2026-06-30T00:00:00Z,https://polymarket.com/event/what-iranian-demands-will-trump-agree-to-by-june-30/will-trump-agree-to-withdraw-troops-from-the-iranian-region-by-june-30,,https://gamma-api.polymarket.com/public-search?q=Will+Trump+agree+to+withdraw+troops+from+the+Iranian+region+by+June+30%3F
polymarket-treatment-audit-2026-07-13,Other,0x246847d434dc502a05f64eb0b7c828cc2ed4dcb28e62383b9f288f66aab6b06c,NUE,Will courts block Trump's tariffs by Friday?,Partly correct,quarantine,High,court/policy ruling,exposure_weighted_probability_revision,True,False,quarantined_until_transform_available,other,legal-policy catalyst,Will courts block Trump's tariffs by Friday,NO bullish,0.9,Tariffs protect domestic steel producers from competition.,The sign must follow the mapped company's tariff exposure and the scope of relief; a generic court block is not uniformly bullish.,"Use signed probability revisions plus a fixed exposure score based on tariff protection, import costs or export access.","Require rule-text confirmation that the decision is substantive and immediately applicable, not a temporary procedural order.",Exit at the last tradable close strictly before the earliest public outcome/announcement timestamp; never use a later nominal deadline after the event is known.,One legal-policy case across related questions and firms.,A cross-sectional exposure model can turn a common policy probability into differentiated asset signals.,Freeze exposure coefficients before the event and cluster all firms under one ruling.,"On April 2, Donald Trump signed an executive order for “Regulating Imports with a Reciprocal Tariff to Rectify Trade Practices that Contribute to Large and Persistent Annual United States Goods Trade Deficits” (see:...",2025-04-11T12:00:00Z,https://polymarket.com/event/will-courts-block-trumps-tariffs-by-friday-april-11/will-courts-block-trumps-tariffs-by-friday-april-11,https://www.whitehouse.gov/presidential-actions/2025/04/regulating-imports-with-a-reciprocal-tariff-to-rectify-trade-practices-that-contribute-to-large-and-persistent-annual-united-states-goods-trade-deficits/,https://gamma-api.polymarket.com/public-search?q=Will+courts+block+Trump%27s+tariffs+by+Friday%3F
polymarket-treatment-audit-2026-07-13,Other,0x90a5b05f471f23d7361c6a7b147aeb38f355b1b00b7b618e825437a697a67043,TLT,"Will there be less than 190k initial jobless claims during the week ending February 28, 2026?",Needs redesign,quarantine,High,macro data threshold,threshold_distribution_vs_consensus,True,True,quarantined_until_transform_available,other,scheduled macro release,"Will there be less than 190k initial jobless claims during the week ending February 28, 2026",NO bullish,0.9,"Higher jobless claims imply weaker economy, lower rates, bullish for long bonds.",Direction is conditional on the surprise versus consensus and the prevailing inflation/growth regime. The raw high/low outcome is not enough.,Reconstruct the release distribution from adjacent thresholds where available; compare the implied mean/tails with economist consensus and rates-market pricing.,"Use a pre-specified surprise score and probability revision before the official release, not a universal probability-level threshold.","For 8:30 ET releases, daily-data H1 ends at the prior trading close. Preserve revised release calendars point in time.",One release event across all thresholds and mapped assets; cluster CPI/payroll/claims windows and do not count threshold contracts separately.,"A 24/7 implied distribution can reveal belief revisions before scheduled macro releases, especially in tails that point forecasts hide.","Freeze the consensus source, release definition and regime rule before evaluation; report each release family separately.","This market will resolve according to the number of seasonally adjusted initial unemployment insurance claims (initial claims) made in the US during the week ending February 28, 2026, according to the Unemployment Insurance Weekly Claims Report released by the U.S. Department of Labor (DOL) for the specified week. The DOL Unemployment Insurance Weekly Claims Report is typically released on Thursday at 8:30 ET, referencing...",2026-03-05T00:00:00Z,https://polymarket.com/event/how-many-jobless-claims-during-the-week-ending-feb-28/will-there-be-less-than-190k-initial-jobless-claims-during-the-week-ending-february-28-2026,https://www.dol.gov/ui/data.pdf,https://gamma-api.polymarket.com/public-search?q=Will+there+be+less+than+190k+initial+jobless+claims+during+the+week+ending+February+28%2C+2026%3F
